지점,지점명,일시,평균기온(°C),일강수량(mm),평균 풍속(m/s)
108,서울,2018-01-01,-1.3,,1.4
108,서울,2018-01-02,-1.8,,1.8
108,서울,2018-01-03,-4.7,,2.2
108,서울,2018-01-04,-4.7,,1.4
108,서울,2018-01-05,-3,,1.7
108,서울,2018-01-06,-2.8,,1.5
108,서울,2018-01-07,-.8,,.8
108,서울,2018-01-08,1.3,.9,1.8
108,서울,2018-01-09,-4.2,.5,2.9
108,서울,2018-01-10,-7.5,.3,3
108,서울,2018-01-11,-11.1,,2.8
108,서울,2018-01-12,-10.2,0,1.7
108,서울,2018-01-13,-4.4,.4,.8
108,서울,2018-01-14,.6,,1.2
108,서울,2018-01-15,4.7,.2,1.4
108,서울,2018-01-16,3.5,0,.7
108,서울,2018-01-17,4.5,,1.2
108,서울,2018-01-18,2.1,0,1.9
108,서울,2018-01-19,1,,1.6
108,서울,2018-01-20,2.2,,1.6
108,서울,2018-01-21,.4,,1
108,서울,2018-01-22,.2,3.3,1.5
108,서울,2018-01-23,-11.7,,3.7
108,서울,2018-01-24,-14.2,,3.4
108,서울,2018-01-25,-14,,2.8
108,서울,2018-01-26,-14.8,,2.6
108,서울,2018-01-27,-9.9,,1.4
108,서울,2018-01-28,-6.3,,2.6
108,서울,2018-01-29,-8.5,,2.7
108,서울,2018-01-30,-5.3,2.9,1.3
108,서울,2018-01-31,-2.6,0,1.6
108,서울,2018-02-01,-4,,1.6
108,서울,2018-02-02,-2.4,,1.6
108,서울,2018-02-03,-7.3,.5,3.8
108,서울,2018-02-04,-9.5,,3.1
108,서울,2018-02-05,-9.4,,3
108,서울,2018-02-06,-10.1,,3.1
108,서울,2018-02-07,-8,,1.5
108,서울,2018-02-08,-4.4,,1.2
108,서울,2018-02-09,.4,,1.1
108,서울,2018-02-10,-.5,,3
108,서울,2018-02-11,-6.1,0,2.7
108,서울,2018-02-12,-5.8,0,2.7
108,서울,2018-02-13,-.8,,2.7
108,서울,2018-02-14,3.5,,2.6
108,서울,2018-02-15,-.7,,2.5
108,서울,2018-02-16,-1.1,,2.1
108,서울,2018-02-17,-3,,2.9
108,서울,2018-02-18,-.4,,1.3
108,서울,2018-02-19,1.8,,1.5
108,서울,2018-02-20,.9,,2.5
108,서울,2018-02-21,-.9,,2.3
108,서울,2018-02-22,1.3,.4,2.2
108,서울,2018-02-23,4.2,3.7,1.9
108,서울,2018-02-24,2.4,,2.1
108,서울,2018-02-25,1.9,,1.7
108,서울,2018-02-26,3.1,,1.4
108,서울,2018-02-27,4.2,,.9
108,서울,2018-02-28,4.6,25,2
108,서울,2018-03-01,-.2,.5,3.8
108,서울,2018-03-02,-.7,,1.5
108,서울,2018-03-03,7.9,0,1.5
108,서울,2018-03-04,9.8,11.5,1.2
108,서울,2018-03-05,5.5,3.5,2
108,서울,2018-03-06,4.5,,1.6
108,서울,2018-03-07,6.4,.5,1.8
108,서울,2018-03-08,4.6,4,1.9
108,서울,2018-03-09,4.5,,1.5
108,서울,2018-03-10,4.6,,2
108,서울,2018-03-11,6.4,,2
108,서울,2018-03-12,8,,1.4
108,서울,2018-03-13,12.4,,1.8
108,서울,2018-03-14,17,,2.3
108,서울,2018-03-15,12.4,27,2.1
108,서울,2018-03-16,7.1,,1.9
108,서울,2018-03-17,6.6,,1.5
108,서울,2018-03-18,8.2,.5,1.2
108,서울,2018-03-19,8,1,2.5
108,서울,2018-03-20,4.7,,3.4
108,서울,2018-03-21,2.1,1,1.7
108,서울,2018-03-22,4.9,,2.2
108,서울,2018-03-23,6.1,,2
108,서울,2018-03-24,7.6,,2.1
108,서울,2018-03-25,9.6,,1.7
108,서울,2018-03-26,11,,1.9
108,서울,2018-03-27,13.3,,1.6
108,서울,2018-03-28,14,,2.2
108,서울,2018-03-29,15.4,,1.6
108,서울,2018-03-30,14.8,,1.7
108,서울,2018-03-31,14,,1.9
108,서울,2018-04-01,15.6,,1.5
108,서울,2018-04-02,18.4,,1.9
108,서울,2018-04-03,17.8,.1,2.1
108,서울,2018-04-04,13.4,18.5,1.9
108,서울,2018-04-05,7.6,10.5,2
108,서울,2018-04-06,5.8,6.5,3.1
108,서울,2018-04-07,4.2,.2,4.1
108,서울,2018-04-08,3.9,3,1.8
108,서울,2018-04-09,7.9,,1.1
108,서울,2018-04-10,15.1,5,3.5
108,서울,2018-04-11,12.6,,3
108,서울,2018-04-12,13.3,,2.6
108,서울,2018-04-13,14.6,,1.3
108,서울,2018-04-14,9,9,1.8
108,서울,2018-04-15,9.5,,2.4
108,서울,2018-04-16,11.6,,1.6
108,서울,2018-04-17,12.9,,1.9
108,서울,2018-04-18,12.4,,1.9
108,서울,2018-04-19,14,,1.9
108,서울,2018-04-20,18.4,,1.3
108,서울,2018-04-21,18.7,,1.9
108,서울,2018-04-22,15.5,15.5,1.1
108,서울,2018-04-23,9.3,59,2.2
108,서울,2018-04-24,12.1,3,1.4
108,서울,2018-04-25,14.6,,1.5
108,서울,2018-04-26,14.9,,2.1
108,서울,2018-04-27,15.7,,1.7
108,서울,2018-04-28,15.4,,2
108,서울,2018-04-29,16.2,,1.9
108,서울,2018-04-30,19.2,,1.6
108,서울,2018-05-01,20.4,0,1.5
108,서울,2018-05-02,15.1,12,1.9
108,서울,2018-05-03,11.2,1,2.7
108,서울,2018-05-04,14.1,,2.7
108,서울,2018-05-05,18.3,,2.6
108,서울,2018-05-06,16.6,22,1.1
108,서울,2018-05-07,19.2,,1.2
108,서울,2018-05-08,17.5,,1.7
108,서울,2018-05-09,15.7,,1.7
108,서울,2018-05-10,15.4,,2.3
108,서울,2018-05-11,16.1,,1.8
108,서울,2018-05-12,14.2,32,.9
108,서울,2018-05-13,15.8,.5,1.9
108,서울,2018-05-14,18.2,,1.4
108,서울,2018-05-15,23.2,0,1.1
108,서울,2018-05-16,22.3,45,1.9
108,서울,2018-05-17,20.9,83,1.4
108,서울,2018-05-18,16.3,6.5,1.3
108,서울,2018-05-19,17.6,,1.5
108,서울,2018-05-20,17,,1.4
108,서울,2018-05-21,17.8,,1.4
108,서울,2018-05-22,18.1,12.5,1.1
108,서울,2018-05-23,17.3,6.5,2.5
108,서울,2018-05-24,18.3,,2.2
108,서울,2018-05-25,19.7,,1.8
108,서울,2018-05-26,21.8,,1.4
108,서울,2018-05-27,20.3,,1.7
108,서울,2018-05-28,22.3,,1.6
108,서울,2018-05-29,21.4,1,1.8
108,서울,2018-05-30,20.2,0,1.9
108,서울,2018-05-31,20.9,,1.9
108,서울,2018-06-01,23.8,,1.9
108,서울,2018-06-02,23.4,,2
108,서울,2018-06-03,24,,1.6
108,서울,2018-06-04,22.6,,1.9
108,서울,2018-06-05,23.7,,1.7
108,서울,2018-06-06,23,,2
108,서울,2018-06-07,22.2,,2
108,서울,2018-06-08,21.9,,2.1
108,서울,2018-06-09,23.7,.5,1.4
108,서울,2018-06-10,21.3,.5,1.4
108,서울,2018-06-11,20.2,5,1.4
108,서울,2018-06-12,21.3,0,1.7
108,서울,2018-06-13,22,0,1.5
108,서울,2018-06-14,21.6,29,1.1
108,서울,2018-06-15,21.7,16.5,1.4
108,서울,2018-06-16,22.5,,1.4
108,서울,2018-06-17,22.8,,1.3
108,서울,2018-06-18,24.8,,1.5
108,서울,2018-06-19,22.4,,1.8
108,서울,2018-06-20,22.7,,2.3
108,서울,2018-06-21,23.7,,2.2
108,서울,2018-06-22,25,,1.8
108,서울,2018-06-23,24.5,,2
108,서울,2018-06-24,25.2,,1.9
108,서울,2018-06-25,27.1,,1.2
108,서울,2018-06-26,22.3,71.5,2.4
108,서울,2018-06-27,22.3,1,2
108,서울,2018-06-28,23.3,26.5,1.1
108,서울,2018-06-29,24.7,6.5,1.5
108,서울,2018-06-30,24.4,14.5,.9
108,서울,2018-07-01,21.9,83.5,.8
108,서울,2018-07-02,22.6,59.5,.7
108,서울,2018-07-03,27.4,.1,.8
108,서울,2018-07-04,27.3,,1.7
108,서울,2018-07-05,25.3,.5,1.2
108,서울,2018-07-06,23.9,,1.8
108,서울,2018-07-07,23.7,,1.6
108,서울,2018-07-08,23.3,,1.5
108,서울,2018-07-09,20.8,14,1.1
108,서울,2018-07-10,23.7,16.5,.7
108,서울,2018-07-11,26.8,3,1.3
108,서울,2018-07-12,26.6,1,1.5
108,서울,2018-07-13,27.3,,1.8
108,서울,2018-07-14,27.9,0,1.9
108,서울,2018-07-15,28.3,,1.6
108,서울,2018-07-16,28.7,,1.7
108,서울,2018-07-17,28.1,,1.7
108,서울,2018-07-18,28.2,,1.6
108,서울,2018-07-19,28.7,,1.6
108,서울,2018-07-20,29.5,,1.5
108,서울,2018-07-21,30.6,,1.5
108,서울,2018-07-22,31.8,,1.4
108,서울,2018-07-23,31.7,,1.8
108,서울,2018-07-24,31.4,,1.6
108,서울,2018-07-25,30.1,,2.4
108,서울,2018-07-26,30.1,,1.5
108,서울,2018-07-27,30.9,,1.9
108,서울,2018-07-28,29.5,7.5,1.2
108,서울,2018-07-29,31.3,,1.2
108,서울,2018-07-30,31.7,,1.2
108,서울,2018-07-31,32.6,,1.5
108,서울,2018-08-01,33.6,,1.7
108,서울,2018-08-02,33.7,,1.6
108,서울,2018-08-03,33.1,,1.9
108,서울,2018-08-04,31.1,,2.4
108,서울,2018-08-05,30,2,2.6
108,서울,2018-08-06,30.5,6.5,1.6
108,서울,2018-08-07,30.5,,1.5
108,서울,2018-08-08,31,,2.1
108,서울,2018-08-09,28.8,2,1.5
108,서울,2018-08-10,30.7,,1.4
108,서울,2018-08-11,31,,1.5
108,서울,2018-08-12,30.6,5,1.5
108,서울,2018-08-13,30.5,1,1.4
108,서울,2018-08-14,31.7,,1.3
108,서울,2018-08-15,31.7,1,1.2
108,서울,2018-08-16,29.9,,1.7
108,서울,2018-08-17,27.2,,1.8
108,서울,2018-08-18,26.7,,1.4
108,서울,2018-08-19,28.2,,1.2
108,서울,2018-08-20,29.1,0,2
108,서울,2018-08-21,26.6,5,2.5
108,서울,2018-08-22,30.7,,1.1
108,서울,2018-08-23,29.4,3,1.7
108,서울,2018-08-24,24.4,7.5,2.5
108,서울,2018-08-25,25.2,,2.6
108,서울,2018-08-26,23.2,2,1.2
108,서울,2018-08-27,22.7,19.5,.8
108,서울,2018-08-28,23.7,96.5,.9
108,서울,2018-08-29,25.2,42,2.4
108,서울,2018-08-30,25.3,9.5,1.8
108,서울,2018-08-31,25.6,.1,1.6
108,서울,2018-09-01,25.5,,1.3
108,서울,2018-09-02,25.1,,1.5
108,서울,2018-09-03,23.3,34.5,1
108,서울,2018-09-04,23.2,,2.2
108,서울,2018-09-05,24,,2.5
108,서울,2018-09-06,24.1,1,2
108,서울,2018-09-07,22,.5,2.5
108,서울,2018-09-08,21.7,,1.7
108,서울,2018-09-09,22.2,,1.2
108,서울,2018-09-10,22.9,,1.6
108,서울,2018-09-11,21.6,,1.5
108,서울,2018-09-12,22.8,,1.4
108,서울,2018-09-13,23.5,,1.2
108,서울,2018-09-14,23.5,.5,1.3
108,서울,2018-09-15,23.3,.2,1
108,서울,2018-09-16,22.2,2,1.7
108,서울,2018-09-17,22.3,.1,1.9
108,서울,2018-09-18,22,,1.2
108,서울,2018-09-19,22.1,.2,1
108,서울,2018-09-20,19,5,1.8
108,서울,2018-09-21,19.4,18,1.3
108,서울,2018-09-22,20.8,6.5,1.8
108,서울,2018-09-23,19.4,0,1.6
108,서울,2018-09-24,17.6,,2.1
108,서울,2018-09-25,17.8,,1.1
108,서울,2018-09-26,19.4,,1.7
108,서울,2018-09-27,18.9,,1.3
108,서울,2018-09-28,17.5,,1.2
108,서울,2018-09-29,20.2,,1
108,서울,2018-09-30,17.6,,2.3
108,서울,2018-10-01,15.4,0,2.9
108,서울,2018-10-02,15.9,,1.6
108,서울,2018-10-03,17.3,,1.3
108,서울,2018-10-04,19.3,,1.3
108,서울,2018-10-05,16.9,36.5,1.7
108,서울,2018-10-06,18,55.5,2.2
108,서울,2018-10-07,16.4,,1.7
108,서울,2018-10-08,14.8,,1.1
108,서울,2018-10-09,15.3,0,1.1
108,서울,2018-10-10,12,7,2.5
108,서울,2018-10-11,9.7,,2.1
108,서울,2018-10-12,10.9,,1.3
108,서울,2018-10-13,12.5,,1
108,서울,2018-10-14,13.2,,1.5
108,서울,2018-10-15,15.2,,1.4
108,서울,2018-10-16,14.5,,1.3
108,서울,2018-10-17,12.4,,1.3
108,서울,2018-10-18,12.7,,1.1
108,서울,2018-10-19,13.1,,1.4
108,서울,2018-10-20,13.4,,1.2
108,서울,2018-10-21,13.4,,1.1
108,서울,2018-10-22,14,,1
108,서울,2018-10-23,12.2,5,1.1
108,서울,2018-10-24,12.5,,1.3
108,서울,2018-10-25,13.8,,.9
108,서울,2018-10-26,12.2,11,1.6
108,서울,2018-10-27,8.7,,3.2
108,서울,2018-10-28,8.3,5.5,1.5
108,서울,2018-10-29,7.2,0,2
108,서울,2018-10-30,6.1,0,1.6
108,서울,2018-10-31,7.4,0,1.6
108,서울,2018-11-01,8.4,,1.3
108,서울,2018-11-02,10.6,,1.1
108,서울,2018-11-03,11.2,,1.3
108,서울,2018-11-04,11.6,,1.3
108,서울,2018-11-05,11.9,,1.1
108,서울,2018-11-06,12.2,,.9
108,서울,2018-11-07,12.8,2,1.1
108,서울,2018-11-08,11.8,64,1.8
108,서울,2018-11-09,12.1,1,3.1
108,서울,2018-11-10,11.9,0,1.4
108,서울,2018-11-11,8.1,0,1.1
108,서울,2018-11-12,8.1,,1.2
108,서울,2018-11-13,8.8,,1.1
108,서울,2018-11-14,9.8,,1.1
108,서울,2018-11-15,9.7,,1
108,서울,2018-11-16,8.8,,1.7
108,서울,2018-11-17,4.9,,1.4
108,서울,2018-11-18,6.1,,1.1
108,서울,2018-11-19,6.5,,1.4
108,서울,2018-11-20,6.5,.2,1.8
108,서울,2018-11-21,5.8,1,1.2
108,서울,2018-11-22,2.3,,2.4
108,서울,2018-11-23,1.9,,1.4
108,서울,2018-11-24,2.6,10.9,1.8
108,서울,2018-11-25,4.8,,1
108,서울,2018-11-26,6.3,,1
108,서울,2018-11-27,7.1,,1.5
108,서울,2018-11-28,5,,1.6
108,서울,2018-11-29,3.5,0,1.3
108,서울,2018-11-30,2.7,,1.4
108,서울,2018-12-01,5.5,,1
108,서울,2018-12-02,8.2,,1.3
108,서울,2018-12-03,11.5,9.5,1.4
108,서울,2018-12-04,6.7,5,2.7
108,서울,2018-12-05,0,,1.5
108,서울,2018-12-06,2.4,0,2.3
108,서울,2018-12-07,-7.3,,3.8
108,서울,2018-12-08,-8.3,,2.6
108,서울,2018-12-09,-7.2,,1.5
108,서울,2018-12-10,-2.5,,.9
108,서울,2018-12-11,.2,,1.2
108,서울,2018-12-12,-1.9,,2.2
108,서울,2018-12-13,-2.2,1.3,2
108,서울,2018-12-14,-4.4,,1.7
108,서울,2018-12-15,-2.4,,1
108,서울,2018-12-16,0,.3,.9
108,서울,2018-12-17,1.6,.3,1.8
108,서울,2018-12-18,2.6,,1.4
108,서울,2018-12-19,4,,1.4
108,서울,2018-12-20,3.4,,.9
108,서울,2018-12-21,5.6,,1.1
108,서울,2018-12-22,6.9,,1.5
108,서울,2018-12-23,2.4,,2.9
108,서울,2018-12-24,-2.3,,1.6
108,서울,2018-12-25,.6,,1.2
108,서울,2018-12-26,-1.5,,2.8
108,서울,2018-12-27,-10.1,,3.5
108,서울,2018-12-28,-10.5,,2.5
108,서울,2018-12-29,-7.6,,2.9
108,서울,2018-12-30,-6.8,,1.2
108,서울,2018-12-31,-5.4,,1.2
108,서울,2019-01-01,-5,,2.1
108,서울,2019-01-02,-4.9,,1.7
108,서울,2019-01-03,-3.5,,1.4
108,서울,2019-01-04,-1.1,,1.2
108,서울,2019-01-05,-2.8,,2.2
108,서울,2019-01-06,-2.8,,1.2
108,서울,2019-01-07,-1.9,,1.4
108,서울,2019-01-08,-3.5,,2.6
108,서울,2019-01-09,-4.7,,1.3
108,서울,2019-01-10,-.6,,1.3
108,서울,2019-01-11,2.4,,1
108,서울,2019-01-12,2.8,,1.3
108,서울,2019-01-13,1.2,,1.4
108,서울,2019-01-14,1.4,,.9
108,서울,2019-01-15,-1.7,0,2.7
108,서울,2019-01-16,-5.2,0,2.3
108,서울,2019-01-17,-.3,0,1.7
108,서울,2019-01-18,.6,,1.3
108,서울,2019-01-19,3.6,,1.2
108,서울,2019-01-20,-1.4,,3.2
108,서울,2019-01-21,-1.2,0,1.6
108,서울,2019-01-22,1.7,,1.7
108,서울,2019-01-23,2,,2.3
108,서울,2019-01-24,.1,,1.7
108,서울,2019-01-25,-1.2,,2.6
108,서울,2019-01-26,-2.5,,2.4
108,서울,2019-01-27,-.1,,1.7
108,서울,2019-01-28,1.2,0,3.1
108,서울,2019-01-29,-.2,,1.5
108,서울,2019-01-30,1.8,,1.5
108,서울,2019-01-31,-2,,2.9
108,서울,2019-02-01,-2.1,.3,1.7
108,서울,2019-02-02,1.4,0,1
108,서울,2019-02-03,3.3,16,1.7
108,서울,2019-02-04,-.6,,2.1
108,서울,2019-02-05,2.8,,1
108,서울,2019-02-06,5.1,,1.3
108,서울,2019-02-07,-2.1,.5,3.5
108,서울,2019-02-08,-6.1,,2.3
108,서울,2019-02-09,-5.4,,2.7
108,서울,2019-02-10,-5,,1.7
108,서울,2019-02-11,-3,,2.3
108,서울,2019-02-12,-.6,0,1.9
108,서울,2019-02-13,-2.1,,2.4
108,서울,2019-02-14,-.5,,1.4
108,서울,2019-02-15,-.8,2.2,1.9
108,서울,2019-02-16,-2.7,.2,2.6
108,서울,2019-02-17,-1.8,,1.9
108,서울,2019-02-18,.9,,1.3
108,서울,2019-02-19,1.4,4.6,1.4
108,서울,2019-02-20,1.7,0,2.1
108,서울,2019-02-21,2.4,,1.5
108,서울,2019-02-22,4,,1.5
108,서울,2019-02-23,6.8,,1.1
108,서울,2019-02-24,6.3,,1.8
108,서울,2019-02-25,4.7,,2.3
108,서울,2019-02-26,5.2,,1.6
108,서울,2019-02-27,7.8,,1.6
108,서울,2019-02-28,6.6,,2
108,서울,2019-03-01,6.6,,2.1
108,서울,2019-03-02,7.8,,1.1
108,서울,2019-03-03,9.4,,1.5
108,서울,2019-03-04,9.9,,1.9
108,서울,2019-03-05,8.4,,2
108,서울,2019-03-06,8.4,,2
108,서울,2019-03-07,7,,2.2
108,서울,2019-03-08,6.1,,1.9
108,서울,2019-03-09,7.2,,1.3
108,서울,2019-03-10,10.1,,1.2
108,서울,2019-03-11,6.6,0,1.8
108,서울,2019-03-12,3.9,0,2.7
108,서울,2019-03-13,3.5,0,3.3
108,서울,2019-03-14,5,0,1.9
108,서울,2019-03-15,5.5,3.5,1.6
108,서울,2019-03-16,4.3,,1.8
108,서울,2019-03-17,6.3,,2
108,서울,2019-03-18,7.1,,1.4
108,서울,2019-03-19,10,,1.4
108,서울,2019-03-20,10.3,16.5,1.4
108,서울,2019-03-21,7.1,3.3,2.9
108,서울,2019-03-22,3.3,,2.8
108,서울,2019-03-23,3.3,1.7,2.4
108,서울,2019-03-24,4.3,,2.3
108,서울,2019-03-25,7.3,,2
108,서울,2019-03-26,11.4,,2
108,서울,2019-03-27,11.6,,3
108,서울,2019-03-28,9.4,,2.6
108,서울,2019-03-29,9.2,,2.1
108,서울,2019-03-30,5.2,1.8,2.9
108,서울,2019-03-31,4.4,0,3.2
108,서울,2019-04-01,5.5,,2.5
108,서울,2019-04-02,6.7,,2.2
108,서울,2019-04-03,7.6,,2.3
108,서울,2019-04-04,9.2,,2.5
108,서울,2019-04-05,11.4,0,2.9
108,서울,2019-04-06,9.3,.8,1.1
108,서울,2019-04-07,12.6,,1.7
108,서울,2019-04-08,11.6,,2.5
108,서울,2019-04-09,9.2,17.4,2.4
108,서울,2019-04-10,7.1,5.6,1.8
108,서울,2019-04-11,9.5,,1.9
108,서울,2019-04-12,11.4,,2.2
108,서울,2019-04-13,11.8,,1.8
108,서울,2019-04-14,9.6,1.7,2.2
108,서울,2019-04-15,11.6,,1.8
108,서울,2019-04-16,14.9,,1.6
108,서울,2019-04-17,15.3,,1.9
108,서울,2019-04-18,12.6,0,2
108,서울,2019-04-19,13.8,,1.6
108,서울,2019-04-20,14.3,1.2,1.9
108,서울,2019-04-21,14.8,.3,1.9
108,서울,2019-04-22,19.3,,1.4
108,서울,2019-04-23,20.4,0,1.3
108,서울,2019-04-24,19.5,4.1,1.6
108,서울,2019-04-25,13.2,11.3,2
108,서울,2019-04-26,8.4,4.9,1.5
108,서울,2019-04-27,11.6,,1.7
108,서울,2019-04-28,12.9,0,1.6
108,서울,2019-04-29,13,,.9
108,서울,2019-04-30,15.5,,1.6
108,서울,2019-05-01,16.4,,2.3
108,서울,2019-05-02,17.1,,2.3
108,서울,2019-05-03,17.9,,1.6
108,서울,2019-05-04,19.5,,1.7
108,서울,2019-05-05,19.2,,2.2
108,서울,2019-05-06,14.5,0,3.1
108,서울,2019-05-07,15,,2.3
108,서울,2019-05-08,15.6,,2.3
108,서울,2019-05-09,16.6,,2.2
108,서울,2019-05-10,17.8,,1.9
108,서울,2019-05-11,20.3,,1.8
108,서울,2019-05-12,21.6,,1.5
108,서울,2019-05-13,18.7,0,1.6
108,서울,2019-05-14,19.6,,1.6
108,서울,2019-05-15,20.7,,1.7
108,서울,2019-05-16,23.5,,1.5
108,서울,2019-05-17,23.6,,1.2
108,서울,2019-05-18,22.8,0,2.1
108,서울,2019-05-19,19.4,22,1.2
108,서울,2019-05-20,16.4,8.7,3.4
108,서울,2019-05-21,17.2,,2.9
108,서울,2019-05-22,19.5,,2.4
108,서울,2019-05-23,22.1,,1.7
108,서울,2019-05-24,24.2,,1.7
108,서울,2019-05-25,23.4,,1.6
108,서울,2019-05-26,24.5,,1.8
108,서울,2019-05-27,17.8,7.1,2.4
108,서울,2019-05-28,18.1,,2.6
108,서울,2019-05-29,20.3,,2
108,서울,2019-05-30,19.6,0,2.4
108,서울,2019-05-31,19.1,,2.8
108,서울,2019-06-01,18.9,,1.9
108,서울,2019-06-02,21.1,,1.7
108,서울,2019-06-03,23.1,,1.8
108,서울,2019-06-04,22.6,,2.2
108,서울,2019-06-05,23,,1.8
108,서울,2019-06-06,21.2,7.5,1.2
108,서울,2019-06-07,20,35.3,1.9
108,서울,2019-06-08,21.9,,1.4
108,서울,2019-06-09,21.6,2.5,1.8
108,서울,2019-06-10,18.4,9.5,1.6
108,서울,2019-06-11,20.5,,1.4
108,서울,2019-06-12,21.5,,1.8
108,서울,2019-06-13,23,,1.7
108,서울,2019-06-14,23,,1.8
108,서울,2019-06-15,21.9,2.1,2.4
108,서울,2019-06-16,22,,1.6
108,서울,2019-06-17,21.7,0,2.3
108,서울,2019-06-18,20.8,13.8,1.5
108,서울,2019-06-19,21.4,.2,1.9
108,서울,2019-06-20,22.7,,1.9
108,서울,2019-06-21,22.1,.2,1.7
108,서울,2019-06-22,24.2,,1.5
108,서울,2019-06-23,25,,1.8
108,서울,2019-06-24,25.2,,2
108,서울,2019-06-25,25.6,,1.6
108,서울,2019-06-26,25.5,0,1.3
108,서울,2019-06-27,25.5,1.4,1.4
108,서울,2019-06-28,24.7,0,1.7
108,서울,2019-06-29,23.1,1.5,1.2
108,서울,2019-06-30,23.9,0,2.3
108,서울,2019-07-01,23.9,,2.3
108,서울,2019-07-02,24.4,,2.3
108,서울,2019-07-03,24.1,,1.7
108,서울,2019-07-04,25.4,,1.9
108,서울,2019-07-05,27.6,0,1.5
108,서울,2019-07-06,29.7,,1.7
108,서울,2019-07-07,26.7,,2.2
108,서울,2019-07-08,25.1,,2
108,서울,2019-07-09,25,,1.8
108,서울,2019-07-10,22.7,8.5,2
108,서울,2019-07-11,21.9,2.9,1.3
108,서울,2019-07-12,23.6,,2
108,서울,2019-07-13,24.9,0,1.7
108,서울,2019-07-14,25.9,,1.6
108,서울,2019-07-15,23.8,7.7,1.1
108,서울,2019-07-16,24.7,6.3,1.3
108,서울,2019-07-17,25.6,.7,1.2
108,서울,2019-07-18,26.9,,1.2
108,서울,2019-07-19,28.6,0,1.5
108,서울,2019-07-20,28,1.1,2.1
108,서울,2019-07-21,25.1,6.2,2.2
108,서울,2019-07-22,26.7,.1,2.2
108,서울,2019-07-23,28.1,,1.7
108,서울,2019-07-24,26.5,1,1.6
108,서울,2019-07-25,26.3,9.7,1.2
108,서울,2019-07-26,25.1,60,1.7
108,서울,2019-07-27,28.4,.6,1.3
108,서울,2019-07-28,26.1,25.6,2.2
108,서울,2019-07-29,27.5,.5,2.6
108,서울,2019-07-30,28.1,1.2,3.4
108,서울,2019-07-31,25.8,62.3,2.2
108,서울,2019-08-01,26.3,26.9,1.7
108,서울,2019-08-02,28.4,,1.2
108,서울,2019-08-03,29.4,3,1.3
108,서울,2019-08-04,28.3,8.6,1.2
108,서울,2019-08-05,30.5,,1.1
108,서울,2019-08-06,31.6,,1.5
108,서울,2019-08-07,26.9,8,1.2
108,서울,2019-08-08,28.9,0,1.6
108,서울,2019-08-09,29.8,,1.3
108,서울,2019-08-10,31.5,,1.5
108,서울,2019-08-11,30.4,6.7,2.5
108,서울,2019-08-12,26.6,56.2,1.3
108,서울,2019-08-13,29.2,6.4,1.5
108,서울,2019-08-14,30.4,,1.5
108,서울,2019-08-15,25.9,16.2,1.3
108,서울,2019-08-16,25.9,.1,2.2
108,서울,2019-08-17,25.9,0,2.5
108,서울,2019-08-18,25.6,,1.7
108,서울,2019-08-19,26.3,,1.1
108,서울,2019-08-20,28.2,,1.5
108,서울,2019-08-21,27,1.3,1.2
108,서울,2019-08-22,26.9,,1.7
108,서울,2019-08-23,26.2,,2.1
108,서울,2019-08-24,24.1,,1.5
108,서울,2019-08-25,25,,1.5
108,서울,2019-08-26,26.4,,1.2
108,서울,2019-08-27,25.7,20,1
108,서울,2019-08-28,26.1,,1.9
108,서울,2019-08-29,23.4,36.9,2.2
108,서울,2019-08-30,22.6,.2,2.4
108,서울,2019-08-31,23.5,,1.9
108,서울,2019-09-01,23.7,,1.4
108,서울,2019-09-02,24.4,,1.6
108,서울,2019-09-03,24.1,0,2.3
108,서울,2019-09-04,22.8,22.7,2.5
108,서울,2019-09-05,23,36.4,2
108,서울,2019-09-06,25.3,2.4,2.1
108,서울,2019-09-07,25.7,2.8,6
108,서울,2019-09-08,24.7,0,1.9
108,서울,2019-09-09,25.1,0,1.7
108,서울,2019-09-10,23.8,63.2,2.4
108,서울,2019-09-11,24.3,7.6,3.1
108,서울,2019-09-12,21,3.9,2.6
108,서울,2019-09-13,23.3,.1,1.7
108,서울,2019-09-14,22.4,.3,1.2
108,서울,2019-09-15,24.2,,1.7
108,서울,2019-09-16,24.5,,2.1
108,서울,2019-09-17,23.5,,2.1
108,서울,2019-09-18,21,,3.1
108,서울,2019-09-19,19.5,,1.9
108,서울,2019-09-20,19.6,,2.1
108,서울,2019-09-21,19.6,,2
108,서울,2019-09-22,18.6,.4,3.8
108,서울,2019-09-23,20,,2.2
108,서울,2019-09-24,19.8,,1.8
108,서울,2019-09-25,20.9,,1.4
108,서울,2019-09-26,22.9,,1.9
108,서울,2019-09-27,22.9,,1.9
108,서울,2019-09-28,23.7,,1.7
108,서울,2019-09-29,22.6,,1.7
108,서울,2019-09-30,22.4,,1.6
108,서울,2019-10-01,23.1,,1.8
108,서울,2019-10-02,21.6,23.1,3
108,서울,2019-10-03,22.4,4.6,2.8
108,서울,2019-10-04,22.4,,2.1
108,서울,2019-10-05,18.7,.6,2.9
108,서울,2019-10-06,18.1,,2.9
108,서울,2019-10-07,14.8,25.4,1.8
108,서울,2019-10-08,14.7,,2.6
108,서울,2019-10-09,13.6,,1.7
108,서울,2019-10-10,15.2,,1.3
108,서울,2019-10-11,18.8,,1.9
108,서울,2019-10-12,17.9,,3.5
108,서울,2019-10-13,17.2,,1.9
108,서울,2019-10-14,14.4,,2.5
108,서울,2019-10-15,14.5,,1.6
108,서울,2019-10-16,14.6,,1.6
108,서울,2019-10-17,15.4,,1.7
108,서울,2019-10-18,17,,2.4
108,서울,2019-10-19,17,,1.8
108,서울,2019-10-20,16.5,,1.3
108,서울,2019-10-21,17.1,,1
108,서울,2019-10-22,18.1,,1.6
108,서울,2019-10-23,17,,2.4
108,서울,2019-10-24,18.3,,2.7
108,서울,2019-10-25,16.7,0,2.4
108,서울,2019-10-26,10,,2.5
108,서울,2019-10-27,11,,1.6
108,서울,2019-10-28,12.9,1.7,2.5
108,서울,2019-10-29,12.5,.1,2.3
108,서울,2019-10-30,11.2,,1.6
108,서울,2019-10-31,14.8,,2.3
108,서울,2019-11-01,14.9,,1.8
108,서울,2019-11-02,13.6,,1.5
108,서울,2019-11-03,14.7,,2.1
108,서울,2019-11-04,13.8,,2.1
108,서울,2019-11-05,12.4,,1.6
108,서울,2019-11-06,11,,1.8
108,서울,2019-11-07,9.2,,2.7
108,서울,2019-11-08,6.8,,1.9
108,서울,2019-11-09,9.5,,1.6
108,서울,2019-11-10,10,11.8,2.1
108,서울,2019-11-11,11.2,1.1,2.4
108,서울,2019-11-12,9.3,,1.4
108,서울,2019-11-13,7.2,7.5,2.8
108,서울,2019-11-14,1.3,,2.9
108,서울,2019-11-15,5.6,18.8,2
108,서울,2019-11-16,6.8,,1.6
108,서울,2019-11-17,8.3,21.1,3.1
108,서울,2019-11-18,4.6,14.7,3.9
108,서울,2019-11-19,.2,0,2.8
108,서울,2019-11-20,.5,,1.8
108,서울,2019-11-21,4.2,,1.9
108,서울,2019-11-22,9.7,,2.1
108,서울,2019-11-23,12.1,,1.8
108,서울,2019-11-24,9.8,3.8,2.2
108,서울,2019-11-25,1.9,,2.7
108,서울,2019-11-26,6.6,,2
108,서울,2019-11-27,3.1,,2.7
108,서울,2019-11-28,3.5,,2
108,서울,2019-11-29,1.5,,2
108,서울,2019-11-30,4.1,,1.7
108,서울,2019-12-01,4.6,3.3,1.6
108,서울,2019-12-02,-.1,,3.1
108,서울,2019-12-03,.5,.6,1.6
108,서울,2019-12-04,2,0,1.8
108,서울,2019-12-05,-4.4,,3.2
108,서울,2019-12-06,-5.9,,1.7
108,서울,2019-12-07,-2.4,.1,1.7
108,서울,2019-12-08,-.9,,1.4
108,서울,2019-12-09,3.2,0,2.5
108,서울,2019-12-10,8.1,1.7,1.2
108,서울,2019-12-11,6.3,.2,3.4
108,서울,2019-12-12,-.7,,1.8
108,서울,2019-12-13,2.1,1,2
108,서울,2019-12-14,2.7,0,2.3
108,서울,2019-12-15,5.3,,2
108,서울,2019-12-16,7.8,,1.9
108,서울,2019-12-17,7.7,9.8,2.3
108,서울,2019-12-18,.8,,2.5
108,서울,2019-12-19,-.8,0,2.4
108,서울,2019-12-20,-1.1,0,2.3
108,서울,2019-12-21,-1.2,.6,1.7
108,서울,2019-12-22,4.1,.3,1.7
108,서울,2019-12-23,3.4,2.9,2
108,서울,2019-12-24,.8,,1.4
108,서울,2019-12-25,2,,1
108,서울,2019-12-26,2,.3,2.4
108,서울,2019-12-27,-1.7,,2.1
108,서울,2019-12-28,1.1,,2
108,서울,2019-12-29,3.8,1.4,2.9
108,서울,2019-12-30,2.7,.4,2.9
108,서울,2019-12-31,-7.9,0,3.1
108,서울,2020-01-01,-2.2,.1,.6
108,서울,2020-01-02,1,,1.2
108,서울,2020-01-03,-.1,,1.7
108,서울,2020-01-04,1.2,,1.9
108,서울,2020-01-05,1.3,,1.1
108,서울,2020-01-06,3.1,1.8,3.1
108,서울,2020-01-07,6.3,46.3,4
108,서울,2020-01-08,2.4,11.6,3.3
108,서울,2020-01-09,-1.2,,2.3
108,서울,2020-01-10,-.6,,1.5
108,서울,2020-01-11,-.1,,1.9
108,서울,2020-01-12,-1,,2.4
108,서울,2020-01-13,-2.9,,2.3
108,서울,2020-01-14,-2.3,,1.6
108,서울,2020-01-15,-2.7,,1.9
108,서울,2020-01-16,-1.7,,1.6
108,서울,2020-01-17,-.6,,1.5
108,서울,2020-01-18,.3,,1.8
108,서울,2020-01-19,1.9,.6,2.2
108,서울,2020-01-20,.7,,2.5
108,서울,2020-01-21,-.4,,1.4
108,서울,2020-01-22,3,,1.7
108,서울,2020-01-23,4.6,,2
108,서울,2020-01-24,2.8,,1.7
108,서울,2020-01-25,4.3,,1.5
108,서울,2020-01-26,5.5,,2.7
108,서울,2020-01-27,5.9,.1,4.6
108,서울,2020-01-28,6.8,0,2.6
108,서울,2020-01-29,6,,2.1
108,서울,2020-01-30,5.2,,1.8
108,서울,2020-01-31,3.9,0,2.3
108,서울,2020-02-01,2.6,,1.7
108,서울,2020-02-02,1.5,,1.8
108,서울,2020-02-03,-.4,0,3.1
108,서울,2020-02-04,-1.6,1.7,2.8
108,서울,2020-02-05,-8.3,,3.3
108,서울,2020-02-06,-6.4,,1.9
108,서울,2020-02-07,-1.7,0,2
108,서울,2020-02-08,-.1,0,3
108,서울,2020-02-09,-.5,0,2
108,서울,2020-02-10,4,0,1.7
108,서울,2020-02-11,6.8,,1.6
108,서울,2020-02-12,7.4,6.7,2.2
108,서울,2020-02-13,6.5,,1.7
108,서울,2020-02-14,8.1,,1.2
108,서울,2020-02-15,9.8,2,2.7
108,서울,2020-02-16,-1.4,13.4,4
108,서울,2020-02-17,-5.9,1,3.4
108,서울,2020-02-18,-4.1,,2.3
108,서울,2020-02-19,1,,1.5
108,서울,2020-02-20,4.6,,1.7
108,서울,2020-02-21,6.7,4.2,2.2
108,서울,2020-02-22,4,3.1,4
108,서울,2020-02-23,2.5,,2
108,서울,2020-02-24,7,,1.6
108,서울,2020-02-25,6.7,16.6,4.2
108,서울,2020-02-26,6.4,0,2.1
108,서울,2020-02-27,6.1,,2
108,서울,2020-02-28,4.5,3.9,1.4
108,서울,2020-02-29,7.7,.5,1.7
108,서울,2020-03-01,5.8,.2,2
108,서울,2020-03-02,3.4,0,2.7
108,서울,2020-03-03,4.8,,2.6
108,서울,2020-03-04,2.2,0,3.7
108,서울,2020-03-05,1.4,,2.5
108,서울,2020-03-06,3.7,,1.6
108,서울,2020-03-07,7,,2
108,서울,2020-03-08,9.3,,1.6
108,서울,2020-03-09,11.1,,1.8
108,서울,2020-03-10,6.4,11.8,2.8
108,서울,2020-03-11,3.8,,3.3
108,서울,2020-03-12,6.8,,2.5
108,서울,2020-03-13,4.9,.5,3.3
108,서울,2020-03-14,3.6,,3
108,서울,2020-03-15,4,,3.6
108,서울,2020-03-16,3.6,,2.8
108,서울,2020-03-17,6.6,,2.1
108,서울,2020-03-18,10,,1.8
108,서울,2020-03-19,9.1,0,4.8
108,서울,2020-03-20,8.8,,3.1
108,서울,2020-03-21,12.8,,2
108,서울,2020-03-22,11,,3
108,서울,2020-03-23,10.6,,1.9
108,서울,2020-03-24,11.4,,1.8
108,서울,2020-03-25,12.5,,1.9
108,서울,2020-03-26,14.8,1.8,1.9
108,서울,2020-03-27,11.9,2,3.3
108,서울,2020-03-28,7.7,,3.2
108,서울,2020-03-29,8.7,,2
108,서울,2020-03-30,10.2,,1.8
108,서울,2020-03-31,11.9,,2
108,서울,2020-04-01,11.3,,3.7
108,서울,2020-04-02,9.3,,2.3
108,서울,2020-04-03,10,,2.7
108,서울,2020-04-04,8.9,,3.4
108,서울,2020-04-05,7.2,,2.8
108,서울,2020-04-06,9.3,,2.4
108,서울,2020-04-07,10.6,,2.5
108,서울,2020-04-08,9.4,,3.5
108,서울,2020-04-09,8.9,,2.8
108,서울,2020-04-10,10.7,,2.4
108,서울,2020-04-11,9.9,,2.5
108,서울,2020-04-12,9.9,,3.8
108,서울,2020-04-13,12.4,,3.1
108,서울,2020-04-14,13,,2.4
108,서울,2020-04-15,13.2,,2.2
108,서울,2020-04-16,16,,2.3
108,서울,2020-04-17,12.5,6.5,2.4
108,서울,2020-04-18,13.5,,2.6
108,서울,2020-04-19,12.3,10.3,2.7
108,서울,2020-04-20,10,.1,3.3
108,서울,2020-04-21,7.4,,4.4
108,서울,2020-04-22,6,0,4
108,서울,2020-04-23,7.9,,3.7
108,서울,2020-04-24,9.9,,3.9
108,서울,2020-04-25,13.1,,3.9
108,서울,2020-04-26,12.3,,3.2
108,서울,2020-04-27,12.9,,2.8
108,서울,2020-04-28,13.9,,3
108,서울,2020-04-29,14.9,,2.6
108,서울,2020-04-30,17.1,,2.7
108,서울,2020-05-01,20.2,,2.7
108,서울,2020-05-02,20.3,0,2.3
108,서울,2020-05-03,21.8,0,2
108,서울,2020-05-04,20.2,,2.7
108,서울,2020-05-05,16,,1.9
108,서울,2020-05-06,19.4,,2.1
108,서울,2020-05-07,20.7,,2.5
108,서울,2020-05-08,19.9,2.3,2.4
108,서울,2020-05-09,14.2,24.4,3.6
108,서울,2020-05-10,14.4,1.3,2.5
108,서울,2020-05-11,16.5,3.4,3
108,서울,2020-05-12,14.3,.7,2.9
108,서울,2020-05-13,16.1,,2.8
108,서울,2020-05-14,19.3,,2
108,서울,2020-05-15,16.1,12,3
108,서울,2020-05-16,16.7,2.5,1.6
108,서울,2020-05-17,19.1,0,1.7
108,서울,2020-05-18,19.1,29.8,2.4
108,서울,2020-05-19,13,19,3.2
108,서울,2020-05-20,14.4,0,1.9
108,서울,2020-05-21,17.4,,2.1
108,서울,2020-05-22,18.5,0,1.9
108,서울,2020-05-23,20.1,0,2.2
108,서울,2020-05-24,17.1,14.5,2.9
108,서울,2020-05-25,16.6,,2.1
108,서울,2020-05-26,16.2,1.5,2.1
108,서울,2020-05-27,17.4,,2.6
108,서울,2020-05-28,18.7,0,1.9
108,서울,2020-05-29,20.7,,2
108,서울,2020-05-30,22.6,,1.9
108,서울,2020-05-31,21.2,1,2.3
108,서울,2020-06-01,19.7,.4,3.4
108,서울,2020-06-02,17.9,2,2.2
108,서울,2020-06-03,22,,2.4
108,서울,2020-06-04,21.9,.2,2.7
108,서울,2020-06-05,23,,1.8
108,서울,2020-06-06,24.6,,2
108,서울,2020-06-07,22.7,,2.3
108,서울,2020-06-08,25,,2.1
108,서울,2020-06-09,26.7,,2.3
108,서울,2020-06-10,25.8,6.2,2
108,서울,2020-06-11,26.1,0,2.2
108,서울,2020-06-12,24.7,,1.7
108,서울,2020-06-13,26.9,0,1.9
108,서울,2020-06-14,24,1.1,2.9
108,서울,2020-06-15,23,,2.8
108,서울,2020-06-16,24.4,,2.2
108,서울,2020-06-17,24.3,,2
108,서울,2020-06-18,23.4,,1.6
108,서울,2020-06-19,24.7,.1,2.1
108,서울,2020-06-20,24.9,,2.1
108,서울,2020-06-21,26.1,,2
108,서울,2020-06-22,28.6,,2
108,서울,2020-06-23,27.3,0,1.9
108,서울,2020-06-24,22.3,37.6,2.7
108,서울,2020-06-25,21.6,13.3,2.2
108,서울,2020-06-26,21.8,2.1,3.2
108,서울,2020-06-27,24.1,0,2
108,서울,2020-06-28,25.2,,2.4
108,서울,2020-06-29,23.8,11.9,2.4
108,서울,2020-06-30,20.1,64.7,4
108,서울,2020-07-01,21.1,0,1.9
108,서울,2020-07-02,24.2,,1.9
108,서울,2020-07-03,25.5,.1,2.6
108,서울,2020-07-04,24.2,1.6,2.1
108,서울,2020-07-05,23.8,,1.9
108,서울,2020-07-06,25.6,,2.1
108,서울,2020-07-07,24.1,0,2.5
108,서울,2020-07-08,25.5,,2
108,서울,2020-07-09,27.5,,1.7
108,서울,2020-07-10,24.5,2.2,2.8
108,서울,2020-07-11,25.8,,2.6
108,서울,2020-07-12,23.5,2.9,2.4
108,서울,2020-07-13,18.7,47.6,4
108,서울,2020-07-14,20.3,11.5,2.8
108,서울,2020-07-15,23.4,,2
108,서울,2020-07-16,25,,1.8
108,서울,2020-07-17,26,0,1.9
108,서울,2020-07-18,26.1,,1.6
108,서울,2020-07-19,24,29.1,2.7
108,서울,2020-07-20,23.8,3.6,3.7
108,서울,2020-07-21,25,0,1.6
108,서울,2020-07-22,23.7,11.5,1.6
108,서울,2020-07-23,21.1,103.1,3.6
108,서울,2020-07-24,22.5,2.9,4.6
108,서울,2020-07-25,24.3,0,3.1
108,서울,2020-07-26,25.4,0,2
108,서울,2020-07-27,24.3,2.2,2.2
108,서울,2020-07-28,24.4,.4,2
108,서울,2020-07-29,23.7,50.1,2
108,서울,2020-07-30,25.3,.1,2.1
108,서울,2020-07-31,26.2,1.5,2
108,서울,2020-08-01,25.3,39.1,1.7
108,서울,2020-08-02,24.9,31.4,2.3
108,서울,2020-08-03,25,102.6,3
108,서울,2020-08-04,27,3.9,3.5
108,서울,2020-08-05,26.5,18.5,1.9
108,서울,2020-08-06,24.1,75.7,3.3
108,서울,2020-08-07,24.3,0,1.8
108,서울,2020-08-08,24.2,19.1,2.3
108,서울,2020-08-09,24.9,50.3,2.6
108,서울,2020-08-10,26.5,44.6,2
108,서울,2020-08-11,24.6,97,2.2
108,서울,2020-08-12,27.2,,1.9
108,서울,2020-08-13,28,,2.5
108,서울,2020-08-14,27.1,.4,3.5
108,서울,2020-08-15,26.1,69,1.9
108,서울,2020-08-16,27.4,,3
108,서울,2020-08-17,28.2,,2.3
108,서울,2020-08-18,27.5,,1.6
108,서울,2020-08-19,27.1,,2
108,서울,2020-08-20,27.7,,1.7
108,서울,2020-08-21,26.6,2.5,1.6
108,서울,2020-08-22,24.3,42.6,2.1
108,서울,2020-08-23,25.3,,1.9
108,서울,2020-08-24,27.8,,2.2
108,서울,2020-08-25,29.9,,2.1
108,서울,2020-08-26,30.2,.6,3.4
108,서울,2020-08-27,27.1,8.7,3.6
108,서울,2020-08-28,27.3,13.6,1.6
108,서울,2020-08-29,26.8,13.6,1.3
108,서울,2020-08-30,26.8,42.5,2.1
108,서울,2020-08-31,26.4,0,2.8
108,서울,2020-09-01,26.6,0,1.9
108,서울,2020-09-02,24.3,33.3,2.3
108,서울,2020-09-03,22.7,29.8,4.8
108,서울,2020-09-04,23.3,,2.7
108,서울,2020-09-05,23.3,,2
108,서울,2020-09-06,21.7,6.4,2.7
108,서울,2020-09-07,19.2,61,4.2
108,서울,2020-09-08,23.4,0,4.2
108,서울,2020-09-09,21.1,1.3,2.1
108,서울,2020-09-10,22.8,3.9,2
108,서울,2020-09-11,22.4,1.2,2.8
108,서울,2020-09-12,20.2,5.7,2
108,서울,2020-09-13,21.5,,1.9
108,서울,2020-09-14,21.3,0,1.8
108,서울,2020-09-15,23,,1.6
108,서울,2020-09-16,22.5,.3,1.9
108,서울,2020-09-17,21.3,,2.1
108,서울,2020-09-18,21.5,,2.8
108,서울,2020-09-19,21.2,.3,2.2
108,서울,2020-09-20,19.7,,2
108,서울,2020-09-21,19.1,,1.7
108,서울,2020-09-22,20.2,,2.8
108,서울,2020-09-23,19.2,,3.3
108,서울,2020-09-24,20.6,,3.7
108,서울,2020-09-25,20.1,,2.5
108,서울,2020-09-26,19.3,,2.4
108,서울,2020-09-27,20.4,,2
108,서울,2020-09-28,20.7,,2
108,서울,2020-09-29,19.6,,1.9
108,서울,2020-09-30,19.6,38.3,1.7
108,서울,2020-10-01,18.8,,2.1
108,서울,2020-10-02,19.2,0,2.3
108,서울,2020-10-03,19.9,0,1.6
108,서울,2020-10-04,16.6,0,2.8
108,서울,2020-10-05,13.3,,2.5
108,서울,2020-10-06,14.2,,2
108,서울,2020-10-07,16,,1.9
108,서울,2020-10-08,17.2,,3.1
108,서울,2020-10-09,17.2,,3
108,서울,2020-10-10,16.9,,2
108,서울,2020-10-11,16.9,,1.8
108,서울,2020-10-12,16.2,,2.2
108,서울,2020-10-13,13.6,,2.2
108,서울,2020-10-14,12.8,,2.4
108,서울,2020-10-15,11.7,,1.5
108,서울,2020-10-16,11.8,,1.5
108,서울,2020-10-17,13.1,,1.8
108,서울,2020-10-18,13.6,,2
108,서울,2020-10-19,15.1,,1.7
108,서울,2020-10-20,15.2,,1.6
108,서울,2020-10-21,14.1,,1.9
108,서울,2020-10-22,13.5,0,2.8
108,서울,2020-10-23,8.6,,3
108,서울,2020-10-24,8.7,,2.5
108,서울,2020-10-25,11.8,,1.7
108,서울,2020-10-26,12.9,,1.6
108,서울,2020-10-27,14,,1.8
108,서울,2020-10-28,13.8,,2.5
108,서울,2020-10-29,10.8,,2
108,서울,2020-10-30,11.9,,1.5
108,서울,2020-10-31,13.6,,2.6
108,서울,2020-11-01,13.7,13.6,2.3
108,서울,2020-11-02,10.8,1.7,2.3
108,서울,2020-11-03,5.1,.5,3.5
108,서울,2020-11-04,4.9,,2.3
108,서울,2020-11-05,9.6,,1.8
108,서울,2020-11-06,13.5,,1.7
108,서울,2020-11-07,14.6,.1,2.7
108,서울,2020-11-08,8.5,,3.1
108,서울,2020-11-09,5.5,,1.8
108,서울,2020-11-10,7.7,,2.2
108,서울,2020-11-11,9.3,,1.6
108,서울,2020-11-12,10.4,,1.7
108,서울,2020-11-13,12.2,,1.6
108,서울,2020-11-14,12.5,,1.7
108,서울,2020-11-15,11.1,,1.7
108,서울,2020-11-16,12.4,,1.6
108,서울,2020-11-17,15.9,.1,2.3
108,서울,2020-11-18,16.6,12.2,2.6
108,서울,2020-11-19,13.6,86.9,4.2
108,서울,2020-11-20,2.8,0,3.2
108,서울,2020-11-21,6.5,.2,2.1
108,서울,2020-11-22,5.6,4.8,2.5
108,서울,2020-11-23,1.7,,2.3
108,서울,2020-11-24,2.9,,1.8
108,서울,2020-11-25,4.6,,1.5
108,서울,2020-11-26,5.6,,1.7
108,서울,2020-11-27,4.1,0,2.7
108,서울,2020-11-28,-.1,,2.8
108,서울,2020-11-29,-.6,,2.2
108,서울,2020-11-30,-.2,,1.9
108,서울,2020-12-01,1.1,,1.9
108,서울,2020-12-02,2.4,,1.8
108,서울,2020-12-03,.7,,2.7
108,서울,2020-12-04,-.6,,1.8
108,서울,2020-12-05,2.1,,1.7
108,서울,2020-12-06,4.5,,1.8
108,서울,2020-12-07,3.4,,2.6
108,서울,2020-12-08,-.5,,2
108,서울,2020-12-09,1.5,,1.5
108,서울,2020-12-10,5.8,0,1.7
108,서울,2020-12-11,5.3,,1.8
108,서울,2020-12-12,2.3,,2.1
108,서울,2020-12-13,-1.1,2.9,2.9
108,서울,2020-12-14,-7.7,,3.4
108,서울,2020-12-15,-8.3,,2.8
108,서울,2020-12-16,-8.3,,2.6
108,서울,2020-12-17,-4.9,0,1.7
108,서울,2020-12-18,-2.1,.2,3
108,서울,2020-12-19,-5.1,,2.4
108,서울,2020-12-20,-3.7,,2
108,서울,2020-12-21,-1,,1.6
108,서울,2020-12-22,2,,2
108,서울,2020-12-23,4.5,0,2.3
108,서울,2020-12-24,2.6,,2.9
108,서울,2020-12-25,-.8,,2.1
108,서울,2020-12-26,2.2,,1.8
108,서울,2020-12-27,5.8,0,1.8
108,서울,2020-12-28,6.7,1.3,1.4
108,서울,2020-12-29,.1,.2,2.9
108,서울,2020-12-30,-10.9,,4.1
108,서울,2020-12-31,-8.9,0,2.4
108,서울,2021-01-01,-4.2,,2
108,서울,2021-01-02,-5,,2.6
108,서울,2021-01-03,-5.6,,2
108,서울,2021-01-04,-3.5,0,1.7
108,서울,2021-01-05,-5.5,0,2.9
108,서울,2021-01-06,-7.4,2.3,2.4
108,서울,2021-01-07,-14.5,,4.1
108,서울,2021-01-08,-14.9,,3.3
108,서울,2021-01-09,-12.2,,2.6
108,서울,2021-01-10,-7.7,,1.3
108,서울,2021-01-11,-6.7,,1.9
108,서울,2021-01-12,-3.9,2.6,1.8
108,서울,2021-01-13,2,0,2.4
108,서울,2021-01-14,1.7,,2.3
108,서울,2021-01-15,4.5,.2,3
108,서울,2021-01-16,-4.9,,3.3
108,서울,2021-01-17,-5.5,0,2.3
108,서울,2021-01-18,-3.8,.3,3.2
108,서울,2021-01-19,-6.3,,1.8
108,서울,2021-01-20,-.1,,2.2
108,서울,2021-01-21,4.5,9.2,2.3
108,서울,2021-01-22,5.5,.1,1.7
108,서울,2021-01-23,7.6,,4.2
108,서울,2021-01-24,7.3,,2.1
108,서울,2021-01-25,7.9,,1.9
108,서울,2021-01-26,5.3,1.7,1.9
108,서울,2021-01-27,1.7,,2.2
108,서울,2021-01-28,-2.6,2,4
108,서울,2021-01-29,-8.8,,3.5
108,서울,2021-01-30,-1.6,.5,2.5
108,서울,2021-01-31,3.2,,2
108,서울,2021-02-01,5,.7,2.7
108,서울,2021-02-02,-5.6,0,3.9
108,서울,2021-02-03,-3.2,3.4,2.2
108,서울,2021-02-04,-3.6,.1,2.5
108,서울,2021-02-05,1.4,,2.4
108,서울,2021-02-06,6.8,,2.2
108,서울,2021-02-07,3.6,,2.9
108,서울,2021-02-08,-3.1,,3.4
108,서울,2021-02-09,-.9,,2
108,서울,2021-02-10,3.4,,2.1
108,서울,2021-02-11,5.5,,1.3
108,서울,2021-02-12,6.5,,1.7
108,서울,2021-02-13,7.6,,1.5
108,서울,2021-02-14,9.5,0,1.7
108,서울,2021-02-15,1.2,1.4,4
108,서울,2021-02-16,-5.1,1.5,3.2
108,서울,2021-02-17,-8.3,0,5
108,서울,2021-02-18,-5.8,,3.1
108,서울,2021-02-19,1.6,,2.9
108,서울,2021-02-20,8.8,,2.1
108,서울,2021-02-21,10.8,,2.8
108,서울,2021-02-22,7.8,,2.9
108,서울,2021-02-23,0,,2.9
108,서울,2021-02-24,2.9,,1.8
108,서울,2021-02-25,4.2,,1.4
108,서울,2021-02-26,8.2,,2.3
108,서울,2021-02-27,9.5,,3.4
108,서울,2021-02-28,7.8,,2.1
108,서울,2021-03-01,4.7,67.5,3.5
108,서울,2021-03-02,2.3,.1,1.9
108,서울,2021-03-03,4.4,,1.8
108,서울,2021-03-04,7.2,,1.9
108,서울,2021-03-05,9,,2.1
108,서울,2021-03-06,6.6,,3.3
108,서울,2021-03-07,6.2,,2.8
108,서울,2021-03-08,7,,1.8
108,서울,2021-03-09,6.6,,2.2
108,서울,2021-03-10,8.8,,1.8
108,서울,2021-03-11,10.2,,1.8
108,서울,2021-03-12,10.5,0,2.2
108,서울,2021-03-13,9.2,,2.2
108,서울,2021-03-14,9.1,,2.2
108,서울,2021-03-15,10.6,1.7,2.4
108,서울,2021-03-16,8.4,1.3,3.2
108,서울,2021-03-17,8.8,,1.8
108,서울,2021-03-18,11.7,,1.8
108,서울,2021-03-19,15.3,,2.2
108,서울,2021-03-20,9.9,5.1,2.2
108,서울,2021-03-21,5.8,.3,4
108,서울,2021-03-22,6.2,,3.2
108,서울,2021-03-23,9.1,,2.5
108,서울,2021-03-24,10.8,,2.4
108,서울,2021-03-25,11.9,,2.2
108,서울,2021-03-26,12.6,,1.4
108,서울,2021-03-27,12.1,25.5,2.5
108,서울,2021-03-28,9,9.2,3.3
108,서울,2021-03-29,10.2,.2,3.3
108,서울,2021-03-30,10.8,,2.2
108,서울,2021-03-31,14.5,,1.8
108,서울,2021-04-01,17.7,,3.5
108,서울,2021-04-02,17.8,0,3.2
108,서울,2021-04-03,14.9,56.2,3.1
108,서울,2021-04-04,11.9,.6,3.2
108,서울,2021-04-05,11.9,,2.4
108,서울,2021-04-06,13.9,,2.5
108,서울,2021-04-07,14.1,,2.5
108,서울,2021-04-08,13,,2.7
108,서울,2021-04-09,13.6,,2.7
108,서울,2021-04-10,12.6,,2.6
108,서울,2021-04-11,15,,1.7
108,서울,2021-04-12,13.8,22,2.4
108,서울,2021-04-13,10.4,8,3.7
108,서울,2021-04-14,8.4,,2.9
108,서울,2021-04-15,11.6,,2.1
108,서울,2021-04-16,11.3,.7,2.6
108,서울,2021-04-17,9.6,0,2.6
108,서울,2021-04-18,9.9,,3.2
108,서울,2021-04-19,12.2,,2.4
108,서울,2021-04-20,14.8,,1.9
108,서울,2021-04-21,19.1,,1.8
108,서울,2021-04-22,20.9,,2.5
108,서울,2021-04-23,19,0,3.2
108,서울,2021-04-24,18.3,0,2.7
108,서울,2021-04-25,18.2,,2.7
108,서울,2021-04-26,16.2,,2.6
108,서울,2021-04-27,15.4,1.7,2.3
108,서울,2021-04-28,14.5,4.7,2.4
108,서울,2021-04-29,14.6,3.9,2.3
108,서울,2021-04-30,11.3,26.3,2.4
108,서울,2021-05-01,10.2,8,2.7
108,서울,2021-05-02,12.4,1.7,3.1
108,서울,2021-05-03,14.1,,2.1
108,서울,2021-05-04,13.8,19.6,2.1
108,서울,2021-05-05,13.9,.1,3.5
108,서울,2021-05-06,15.7,,2.4
108,서울,2021-05-07,14.4,8.8,3.4
108,서울,2021-05-08,14.3,,3.4
108,서울,2021-05-09,15.7,,3.5
108,서울,2021-05-10,13.2,0,1.8
108,서울,2021-05-11,18.5,,2.7
108,서울,2021-05-12,22,,2.2
108,서울,2021-05-13,22.9,,1.9
108,서울,2021-05-14,24.1,,1.7
108,서울,2021-05-15,22.1,15,1.7
108,서울,2021-05-16,18.4,66.9,2.5
108,서울,2021-05-17,15.3,3.1,1.6
108,서울,2021-05-18,17.9,,1.7
108,서울,2021-05-19,19.9,,1.8
108,서울,2021-05-20,18.7,.9,2.5
108,서울,2021-05-21,16,6.9,1.7
108,서울,2021-05-22,18.6,.2,2.5
108,서울,2021-05-23,19.5,,1.7
108,서울,2021-05-24,19.4,,2.7
108,서울,2021-05-25,15.3,8.3,3.2
108,서울,2021-05-26,18,0,2.9
108,서울,2021-05-27,15.8,8.9,2.8
108,서울,2021-05-28,15.3,12.3,2.6
108,서울,2021-05-29,15.4,.3,2.2
108,서울,2021-05-30,18.4,18.1,2.1
108,서울,2021-05-31,19.9,4,1.8
108,서울,2021-06-01,20.2,3.2,2.2
108,서울,2021-06-02,23.2,,2.1
108,서울,2021-06-03,19.1,18.1,1.8
108,서울,2021-06-04,18.5,,2.9
108,서울,2021-06-05,20.8,,3.3
108,서울,2021-06-06,23,,2.2
108,서울,2021-06-07,21.1,0,1.7
108,서울,2021-06-08,23.6,.1,1.7
108,서울,2021-06-09,25.8,,1.6
108,서울,2021-06-10,24.9,6.1,2.2
108,서울,2021-06-11,21.5,4.6,2.8
108,서울,2021-06-12,24.2,,1.8
108,서울,2021-06-13,24.8,,2
108,서울,2021-06-14,24.8,,2.1
108,서울,2021-06-15,22.5,1.9,2.3
108,서울,2021-06-16,24.3,,3.6
108,서울,2021-06-17,21.9,0,2.4
108,서울,2021-06-18,20,6.3,2.5
108,서울,2021-06-19,22.3,,1.8
108,서울,2021-06-20,22.9,,2.8
108,서울,2021-06-21,23.6,,2.2
108,서울,2021-06-22,22.8,0,2.1
108,서울,2021-06-23,22.4,7.5,2.4
108,서울,2021-06-24,23,,1.9
108,서울,2021-06-25,24.1,,2
108,서울,2021-06-26,22.8,4.5,1.8
108,서울,2021-06-27,24.5,38.2,2
108,서울,2021-06-28,23.7,.1,1.9
108,서울,2021-06-29,23.9,8,1.8
108,서울,2021-06-30,24.3,6,1.3
108,서울,2021-07-01,26.3,,1.8
108,서울,2021-07-02,27.1,,2.3
108,서울,2021-07-03,22.6,60,3.6
108,서울,2021-07-04,21.4,21.4,2.3
108,서울,2021-07-05,23.3,,1.4
108,서울,2021-07-06,25.3,,1.6
108,서울,2021-07-07,26.4,12.7,1.5
108,서울,2021-07-08,26,2.9,2
108,서울,2021-07-09,25.5,0,1.9
108,서울,2021-07-10,25.9,.5,2.4
108,서울,2021-07-11,25.7,.4,2.2
108,서울,2021-07-12,28.1,,1.6
108,서울,2021-07-13,28.8,,1.7
108,서울,2021-07-14,29.7,,2.2
108,서울,2021-07-15,29.1,0,2.1
108,서울,2021-07-16,28.8,,2.2
108,서울,2021-07-17,29.1,0,2.3
108,서울,2021-07-18,29.6,,2.1
108,서울,2021-07-19,26.4,67.4,1.9
108,서울,2021-07-20,27.9,0,1.5
108,서울,2021-07-21,30.5,,1.7
108,서울,2021-07-22,31.2,,2
108,서울,2021-07-23,31.2,,1.8
108,서울,2021-07-24,31.7,,1.7
108,서울,2021-07-25,31.5,,2
108,서울,2021-07-26,31.2,,2.4
108,서울,2021-07-27,31.1,,2.1
108,서울,2021-07-28,30.4,0,1.9
108,서울,2021-07-29,29.6,,2
108,서울,2021-07-30,30.5,,2.1
108,서울,2021-07-31,29.8,3,2.5
108,서울,2021-08-01,27.1,21,1.3
108,서울,2021-08-02,26.5,1.7,1.6
108,서울,2021-08-03,28,0,1.8
108,서울,2021-08-04,28.9,,2
108,서울,2021-08-05,29.4,,2.1
108,서울,2021-08-06,28.1,,2.1
108,서울,2021-08-07,28,,2.1
108,서울,2021-08-08,26.8,12.7,1.7
108,서울,2021-08-09,28.3,,2.3
108,서울,2021-08-10,27.7,,2.3
108,서울,2021-08-11,27.4,0,2
108,서울,2021-08-12,26.8,0,1.8
108,서울,2021-08-13,26.6,,2
108,서울,2021-08-14,26.1,,3
108,서울,2021-08-15,26.9,,2.3
108,서울,2021-08-16,27.3,0,2.3
108,서울,2021-08-17,25.9,9.3,2.4
108,서울,2021-08-18,24.3,5.6,2.8
108,서울,2021-08-19,26,,2.6
108,서울,2021-08-20,26.6,0,2.3
108,서울,2021-08-21,23.8,62.8,2.7
108,서울,2021-08-22,24.4,0,2.1
108,서울,2021-08-23,22.4,7.4,2
108,서울,2021-08-24,23.4,10.5,2.9
108,서울,2021-08-25,25,.3,1.8
108,서울,2021-08-26,25.5,.7,2.5
108,서울,2021-08-27,22.4,.9,1.3
108,서울,2021-08-28,23.6,,1.8
108,서울,2021-08-29,23.7,.9,1.6
108,서울,2021-08-30,24.2,0,1.4
108,서울,2021-08-31,20.5,77.4,2.3
108,서울,2021-09-01,21.4,.8,2.9
108,서울,2021-09-02,23.5,,2.1
108,서울,2021-09-03,24.3,,2.4
108,서울,2021-09-04,23.2,,2.7
108,서울,2021-09-05,23.1,,3.2
108,서울,2021-09-06,22.3,12,3.2
108,서울,2021-09-07,19.6,29.6,2.3
108,서울,2021-09-08,22.2,1.6,1.7
108,서울,2021-09-09,23.5,,1.5
108,서울,2021-09-10,23.6,,1.9
108,서울,2021-09-11,24,,1.7
108,서울,2021-09-12,24.2,,1.8
108,서울,2021-09-13,24.8,,2.4
108,서울,2021-09-14,24.6,,2.6
108,서울,2021-09-15,23.6,,3.6
108,서울,2021-09-16,22.9,,2.6
108,서울,2021-09-17,23.5,,3
108,서울,2021-09-18,23.9,,1.6
108,서울,2021-09-19,23.7,,1.9
108,서울,2021-09-20,23.7,,2.7
108,서울,2021-09-21,22,68.1,2.9
108,서울,2021-09-22,20.2,4.5,2.7
108,서울,2021-09-23,20.9,,2.4
108,서울,2021-09-24,21.8,,2.2
108,서울,2021-09-25,21.2,,2.3
108,서울,2021-09-26,22.6,,2.3
108,서울,2021-09-27,21.6,0,2.4
108,서울,2021-09-28,21.5,1.3,2.2
108,서울,2021-09-29,20.2,13.1,1.7
108,서울,2021-09-30,20.3,,1.5
108,서울,2021-10-01,21.1,13.3,2.4
108,서울,2021-10-02,20.7,,1.6
108,서울,2021-10-03,22.3,,1.9
108,서울,2021-10-04,22.9,3.6,2.9
108,서울,2021-10-05,23.6,0,3.3
108,서울,2021-10-06,18.8,6.4,2.8
108,서울,2021-10-07,19.4,4.6,1.9
108,서울,2021-10-08,18.8,3.5,1.7
108,서울,2021-10-09,20.9,.4,2.3
108,서울,2021-10-10,19.9,14.2,2.2
108,서울,2021-10-11,15.2,.3,2.2
108,서울,2021-10-12,17.9,,3.3
108,서울,2021-10-13,19.6,,2.4
108,서울,2021-10-14,19.7,,2
108,서울,2021-10-15,19,0,2.1
108,서울,2021-10-16,10.7,0,3.4
108,서울,2021-10-17,5.6,,2.9
108,서울,2021-10-18,9.6,5.6,2
108,서울,2021-10-19,10.9,4.4,2.4
108,서울,2021-10-20,9.5,,1.7
108,서울,2021-10-21,9.8,,1.7
108,서울,2021-10-22,10.8,,1.8
108,서울,2021-10-23,11.4,,1.6
108,서울,2021-10-24,11.4,,1.7
108,서울,2021-10-25,11.7,,1.9
108,서울,2021-10-26,13,,1.7
108,서울,2021-10-27,13.4,0,2.2
108,서울,2021-10-28,12.7,,1.4
108,서울,2021-10-29,14.6,,2
108,서울,2021-10-30,13.8,,1.6
108,서울,2021-10-31,14.1,.7,1.6
108,서울,2021-11-01,12.9,,1.9
108,서울,2021-11-02,11.5,,1.7
108,서울,2021-11-03,12.1,,1.5
108,서울,2021-11-04,12.1,0,1.3
108,서울,2021-11-05,13,,1.5
108,서울,2021-11-06,14.1,,1.6
108,서울,2021-11-07,15.3,,2.1
108,서울,2021-11-08,8.6,25.7,3.2
108,서울,2021-11-09,4.9,2,2.4
108,서울,2021-11-10,4.2,.3,2.5
108,서울,2021-11-11,5.3,0,2.9
108,서울,2021-11-12,4.5,,2.6
108,서울,2021-11-13,7.3,,1.5
108,서울,2021-11-14,11.3,,2.2
108,서울,2021-11-15,10.1,,1.6
108,서울,2021-11-16,8.5,,1.9
108,서울,2021-11-17,7.5,,1.6
108,서울,2021-11-18,11.9,0,2.4
108,서울,2021-11-19,12.9,,1.9
108,서울,2021-11-20,10.4,,1.6
108,서울,2021-11-21,10.4,5.9,1.9
108,서울,2021-11-22,2.7,1.3,4.1
108,서울,2021-11-23,-.6,,3.2
108,서울,2021-11-24,4.1,0,1.9
108,서울,2021-11-25,5.7,,2.2
108,서울,2021-11-26,2.9,0,2.2
108,서울,2021-11-27,3.4,,1.6
108,서울,2021-11-28,5.1,,1.5
108,서울,2021-11-29,7.6,,1.6
108,서울,2021-11-30,5.7,27.2,3.7
108,서울,2021-12-01,-1.3,,4.2
108,서울,2021-12-02,1.3,.1,2.1
108,서울,2021-12-03,1.9,.4,2.9
108,서울,2021-12-04,1.4,,2
108,서울,2021-12-05,2.9,,1.4
108,서울,2021-12-06,5.4,,1.6
108,서울,2021-12-07,6.8,,1.2
108,서울,2021-12-08,6.7,,1.5
108,서울,2021-12-09,6.5,,2.2
108,서울,2021-12-10,7,.7,2.1
108,서울,2021-12-11,6,,1.4
108,서울,2021-12-12,1.2,,3.2
108,서울,2021-12-13,-2.2,,2.3
108,서울,2021-12-14,3.7,1.2,2
108,서울,2021-12-15,7.2,2.1,1.7
108,서울,2021-12-16,6.4,0,1.8
108,서울,2021-12-17,-5.6,,4.6
108,서울,2021-12-18,-5.7,2.8,2
108,서울,2021-12-19,-.8,.2,2
108,서울,2021-12-20,5.2,0,2.1
108,서울,2021-12-21,5.2,,2
108,서울,2021-12-22,2.2,,1.7
108,서울,2021-12-23,2.7,,1.4
108,서울,2021-12-24,-.3,.2,2.6
108,서울,2021-12-25,-11.7,,3.9
108,서울,2021-12-26,-12.1,,3.1
108,서울,2021-12-27,-7.6,0,1.7
108,서울,2021-12-28,-4.1,,2.2
108,서울,2021-12-29,.4,.2,2.6
108,서울,2021-12-30,-3.9,0,3.3
108,서울,2021-12-31,-6.7,,3.5
108,서울,2022-01-01,-4.3,,1.5
108,서울,2022-01-02,-1.3,.3,2.3
108,서울,2022-01-03,-1.9,0,1.8
108,서울,2022-01-04,-2.5,0,2.4
108,서울,2022-01-05,-2.8,,1.7
108,서울,2022-01-06,-2.2,,2.3
108,서울,2022-01-07,-1.6,,1.5
108,서울,2022-01-08,.3,0,1.7
108,서울,2022-01-09,1.3,,1.7
108,서울,2022-01-10,.5,.9,2
108,서울,2022-01-11,-7.4,.2,4
108,서울,2022-01-12,-7.7,,2.4
108,서울,2022-01-13,-6.4,,3.3
108,서울,2022-01-14,-4.8,,1.7
108,서울,2022-01-15,-1,0,1.9
108,서울,2022-01-16,-2,0,3.3
108,서울,2022-01-17,-5.8,.5,2.2
108,서울,2022-01-18,-5.6,,2.3
108,서울,2022-01-19,-5.3,1.7,2.1
108,서울,2022-01-20,-5,,1.8
108,서울,2022-01-21,-2.7,,1.8
108,서울,2022-01-22,.3,,1.7
108,서울,2022-01-23,2,,1.7
108,서울,2022-01-24,4.6,,3.5
108,서울,2022-01-25,2.8,.7,2.3
108,서울,2022-01-26,1.3,,2.2
108,서울,2022-01-27,-1.1,,2.1
108,서울,2022-01-28,-2.7,,2.8
108,서울,2022-01-29,-3.6,,2.4
108,서울,2022-01-30,-2.8,,2.2
108,서울,2022-01-31,-.7,1.2,1.9
108,서울,2022-02-01,-1.3,1.7,2.6
108,서울,2022-02-02,-3.4,,2.4
108,서울,2022-02-03,-3.4,,2.4
108,서울,2022-02-04,-5.2,0,3.1
108,서울,2022-02-05,-6.6,,3.1
108,서울,2022-02-06,-3.9,,2.5
108,서울,2022-02-07,-2.5,,1.8
108,서울,2022-02-08,-.1,,1.9
108,서울,2022-02-09,1,,1.8
108,서울,2022-02-10,1.4,,2.3
108,서울,2022-02-11,2.9,,1.8
108,서울,2022-02-12,4.8,,1.7
108,서울,2022-02-13,4.8,,1.8
108,서울,2022-02-14,2.5,1.7,2.9
108,서울,2022-02-15,-4.7,0,3.8
108,서울,2022-02-16,-7.3,0,3.7
108,서울,2022-02-17,-6.2,,2.5
108,서울,2022-02-18,-1.2,,2
108,서울,2022-02-19,-1.7,.1,2.9
108,서울,2022-02-20,-4.8,,4.1
108,서울,2022-02-21,-3,.1,2.9
108,서울,2022-02-22,-4.5,,3.2
108,서울,2022-02-23,-5.6,,2.6
108,서울,2022-02-24,-2.4,,2.2
108,서울,2022-02-25,3,,2.3
108,서울,2022-02-26,5.4,1.1,3.9
108,서울,2022-02-27,3.7,,2.8
108,서울,2022-02-28,6.8,,1.5
108,서울,2022-03-01,5.8,2.3,2.3
108,서울,2022-03-02,3.5,,2.7
108,서울,2022-03-03,5.8,,2.1
108,서울,2022-03-04,6.9,,3.6
108,서울,2022-03-05,2.3,,4.3
108,서울,2022-03-06,1.4,,2.6
108,서울,2022-03-07,2.8,,2
108,서울,2022-03-08,6,,2
108,서울,2022-03-09,7.1,,1.9
108,서울,2022-03-10,9.3,,2.1
108,서울,2022-03-11,11.2,,1.9
108,서울,2022-03-12,12.8,2.6,2.7
108,서울,2022-03-13,11.7,42.1,1.9
108,서울,2022-03-14,8.2,8.7,3.2
108,서울,2022-03-15,7.2,,2
108,서울,2022-03-16,10.3,,2.1
108,서울,2022-03-17,10.7,1.2,2.7
108,서울,2022-03-18,7.5,0,4.4
108,서울,2022-03-19,3.4,14.6,3
108,서울,2022-03-20,5.4,0,2.6
108,서울,2022-03-21,5,,2.4
108,서울,2022-03-22,7.1,,2.2
108,서울,2022-03-23,6.2,,2.3
108,서울,2022-03-24,8.2,,1.8
108,서울,2022-03-25,12,10.9,2.6
108,서울,2022-03-26,11.8,19.8,2.9
108,서울,2022-03-27,8.1,,3
108,서울,2022-03-28,8.2,,2.1
108,서울,2022-03-29,9.7,,2.1
108,서울,2022-03-30,10.8,.4,1.8
108,서울,2022-03-31,10.9,,2.5
108,서울,2022-04-01,9.2,,2.6
108,서울,2022-04-02,8.2,,2.3
108,서울,2022-04-03,9.6,,2.1
108,서울,2022-04-04,10.3,,2.3
108,서울,2022-04-05,10.3,,2.4
108,서울,2022-04-06,11.7,,2.5
108,서울,2022-04-07,10.9,,3.3
108,서울,2022-04-08,12.9,,2.1
108,서울,2022-04-09,17.8,.5,3
108,서울,2022-04-10,18.2,,2
108,서울,2022-04-11,19.6,,2.4
108,서울,2022-04-12,19.3,.5,2.8
108,서울,2022-04-13,13.1,1.3,4.4
108,서울,2022-04-14,13.2,,4
108,서울,2022-04-15,13.3,,3
108,서울,2022-04-16,13.2,,2.5
108,서울,2022-04-17,14,,2.3
108,서울,2022-04-18,15.2,,2.4
108,서울,2022-04-19,15.2,,2.4
108,서울,2022-04-20,15.7,,2.3
108,서울,2022-04-21,16.3,,2.8
108,서울,2022-04-22,15,,3.5
108,서울,2022-04-23,17.7,,1.7
108,서울,2022-04-24,18.5,.3,2.3
108,서울,2022-04-25,20,1.3,1.4
108,서울,2022-04-26,21.9,1,3.1
108,서울,2022-04-27,17.7,,2.7
108,서울,2022-04-28,18.2,0,2.6
108,서울,2022-04-29,13.4,15.5,3.4
108,서울,2022-04-30,13,,2.9
108,서울,2022-05-01,13.4,,3.1
108,서울,2022-05-02,14.2,,2.4
108,서울,2022-05-03,14.8,,2.5
108,서울,2022-05-04,17.8,,2.7
108,서울,2022-05-05,18.9,,2.2
108,서울,2022-05-06,19.6,,2.5
108,서울,2022-05-07,18.4,.5,3
108,서울,2022-05-08,15.3,2,2.8
108,서울,2022-05-09,17.9,,2.2
108,서울,2022-05-10,19.9,0,2.2
108,서울,2022-05-11,19.7,0,2.4
108,서울,2022-05-12,20.9,,1.9
108,서울,2022-05-13,19.4,,2.2
108,서울,2022-05-14,15.7,,3.3
108,서울,2022-05-15,16.2,,3.2
108,서울,2022-05-16,17.3,,2.8
108,서울,2022-05-17,20,,2.4
108,서울,2022-05-18,20,1.5,2.9
108,서울,2022-05-19,19.9,,3
108,서울,2022-05-20,20.6,,2.3
108,서울,2022-05-21,20.1,,2.5
108,서울,2022-05-22,20.3,,2.5
108,서울,2022-05-23,23,,2.3
108,서울,2022-05-24,22.9,,2.1
108,서울,2022-05-25,21,3.5,2.6
108,서울,2022-05-26,18.7,0,3.7
108,서울,2022-05-27,20,0,3.3
108,서울,2022-05-28,22.3,,2.8
108,서울,2022-05-29,23.1,,2.3
108,서울,2022-05-30,20.8,0,2.5
108,서울,2022-05-31,20.7,,2.5
108,서울,2022-06-01,22.1,,2.6
108,서울,2022-06-02,21.5,,2.7
108,서울,2022-06-03,24.5,,2
108,서울,2022-06-04,25.6,,1.7
108,서울,2022-06-05,22.7,0,2.3
108,서울,2022-06-06,19.7,4.3,3.2
108,서울,2022-06-07,20.6,0,2.7
108,서울,2022-06-08,21.2,,2.3
108,서울,2022-06-09,20.9,2.6,1.6
108,서울,2022-06-10,20.9,1.2,1.9
108,서울,2022-06-11,24.6,,2.2
108,서울,2022-06-12,24.6,,2.5
108,서울,2022-06-13,23.6,18,2.6
108,서울,2022-06-14,21.5,0,4.2
108,서울,2022-06-15,17.5,18.5,2.3
108,서울,2022-06-16,20.3,.7,2.3
108,서울,2022-06-17,22.5,,1.9
108,서울,2022-06-18,23.3,0,1.7
108,서울,2022-06-19,23.4,,1.4
108,서울,2022-06-20,25.2,,1.3
108,서울,2022-06-21,26.5,,2
108,서울,2022-06-22,25.9,,2.1
108,서울,2022-06-23,24.3,103,2.8
108,서울,2022-06-24,22.6,19.1,3.5
108,서울,2022-06-25,26,,2.8
108,서울,2022-06-26,26.5,,2.6
108,서울,2022-06-27,26.8,6.1,2.8
108,서울,2022-06-28,26.9,6.3,5.8
108,서울,2022-06-29,25.1,37.8,4.1
108,서울,2022-06-30,22.3,176.2,2.3
108,서울,2022-07-01,26.6,,2.1
108,서울,2022-07-02,28.8,,1.7
108,서울,2022-07-03,29.3,,1.7
108,서울,2022-07-04,29.3,0,1.8
108,서울,2022-07-05,29.2,0,1.7
108,서울,2022-07-06,29.5,16.1,2.1
108,서울,2022-07-07,28.2,0,2.8
108,서울,2022-07-08,25.8,1.7,2.9
108,서울,2022-07-09,26.9,.1,1.7
108,서울,2022-07-10,29.2,0,1.7
108,서울,2022-07-11,27,9,1.8
108,서울,2022-07-12,26.8,,2.2
108,서울,2022-07-13,25,114.5,1.8
108,서울,2022-07-14,25.7,.9,2.3
108,서울,2022-07-15,26,,2.3
108,서울,2022-07-16,24.8,34,2
108,서울,2022-07-17,25.5,0,1.8
108,서울,2022-07-18,26.8,,2.2
108,서울,2022-07-19,27.4,,2.3
108,서울,2022-07-20,27.1,1.1,2.2
108,서울,2022-07-21,23.2,10.4,2.9
108,서울,2022-07-22,25.1,5.2,1.9
108,서울,2022-07-23,24.8,9.9,2
108,서울,2022-07-24,25,1.2,2.1
108,서울,2022-07-25,27.5,,1.9
108,서울,2022-07-26,28.9,,1.8
108,서울,2022-07-27,29.3,,2
108,서울,2022-07-28,29.7,,2.4
108,서울,2022-07-29,30.7,,2.2
108,서울,2022-07-30,30.9,1,2.6
108,서울,2022-07-31,27.2,47.2,2.5
108,서울,2022-08-01,28.6,30,2.4
108,서울,2022-08-02,26.8,33.5,2.8
108,서울,2022-08-03,27.1,51.1,2.8
108,서울,2022-08-04,28.9,0,2.5
108,서울,2022-08-05,29.4,0,2.6
108,서울,2022-08-06,28.7,13.6,1.7
108,서울,2022-08-07,28.9,.9,2.4
108,서울,2022-08-08,26.8,129.6,3.3
108,서울,2022-08-09,25.1,123.1,2.6
108,서울,2022-08-10,24.7,7.6,1.6
108,서울,2022-08-11,25,38.8,1.6
108,서울,2022-08-12,27,,1.7
108,서울,2022-08-13,25.8,4,1.3
108,서울,2022-08-14,27.6,3,1.9
108,서울,2022-08-15,28.1,.9,4.8
108,서울,2022-08-16,26.7,0,2.6
108,서울,2022-08-17,26,0,2
108,서울,2022-08-18,25.6,,1.9
108,서울,2022-08-19,26,66.1,2.3
108,서울,2022-08-20,28.2,0,2.4
108,서울,2022-08-21,28.1,,1.7
108,서울,2022-08-22,26.8,3.2,2.3
108,서울,2022-08-23,25.4,2.2,2
108,서울,2022-08-24,24.8,,2.5
108,서울,2022-08-25,22.2,1.6,1.8
108,서울,2022-08-26,23.8,,2.4
108,서울,2022-08-27,21.5,17.6,2.8
108,서울,2022-08-28,22.6,,1.7
108,서울,2022-08-29,21,2.2,2.3
108,서울,2022-08-30,19.1,35.8,2.6
108,서울,2022-08-31,21.7,0,1.8
108,서울,2022-09-01,24,,1.7
108,서울,2022-09-02,24.7,,3.1
108,서울,2022-09-03,24.2,,3.4
108,서울,2022-09-04,22.3,33.8,3.1
108,서울,2022-09-05,19.2,120,3.2
108,서울,2022-09-06,21,25.3,3.6
108,서울,2022-09-07,22.8,,1.9
108,서울,2022-09-08,23.2,,1.6
108,서울,2022-09-09,24.3,,2
108,서울,2022-09-10,23.6,,2.6
108,서울,2022-09-11,23.3,.1,2.1
108,서울,2022-09-12,23.8,,1.6
108,서울,2022-09-13,24.3,0,2.5
108,서울,2022-09-14,24.6,0,4.6
108,서울,2022-09-15,25.2,.1,3.6
108,서울,2022-09-16,25.7,14.6,2.9
108,서울,2022-09-17,25.6,4.3,1.4
108,서울,2022-09-18,27.1,,2
108,서울,2022-09-19,24.6,,3.3
108,서울,2022-09-20,19.9,,2.3
108,서울,2022-09-21,19.4,,1.8
108,서울,2022-09-22,19.8,,2
108,서울,2022-09-23,17.5,3.3,3.1
108,서울,2022-09-24,18.5,,1.8
108,서울,2022-09-25,19.6,,1.6
108,서울,2022-09-26,20,,1.7
108,서울,2022-09-27,20.9,,1.6
108,서울,2022-09-28,20.4,,1.8
108,서울,2022-09-29,20.4,,1.4
108,서울,2022-09-30,20.7,,1.6
108,서울,2022-10-01,20.9,,1.6
108,서울,2022-10-02,19.4,15.8,2.7
108,서울,2022-10-03,21.4,76,2.7
108,서울,2022-10-04,17.9,11.8,2.9
108,서울,2022-10-05,16.6,.1,2.1
108,서울,2022-10-06,15.8,0,2.1
108,서울,2022-10-07,14.3,,2.5
108,서울,2022-10-08,15.8,,2.5
108,서울,2022-10-09,13.1,20.4,2.1
108,서울,2022-10-10,9.9,0,3.8
108,서울,2022-10-11,11.1,,2.2
108,서울,2022-10-12,13.5,,1.8
108,서울,2022-10-13,16.3,,1.5
108,서울,2022-10-14,17.1,,1.6
108,서울,2022-10-15,18.2,,1.4
108,서울,2022-10-16,16.9,,1.7
108,서울,2022-10-17,11.2,,3.4
108,서울,2022-10-18,9.4,,2.3
108,서울,2022-10-19,10.5,,1.8
108,서울,2022-10-20,12.9,,1.8
108,서울,2022-10-21,14,,1.7
108,서울,2022-10-22,15.1,,1.9
108,서울,2022-10-23,14,,2.7
108,서울,2022-10-24,10.6,,2.8
108,서울,2022-10-25,11.3,,2
108,서울,2022-10-26,12.9,,1.9
108,서울,2022-10-27,13.2,,1.7
108,서울,2022-10-28,13.6,,1.7
108,서울,2022-10-29,14.8,,1.8
108,서울,2022-10-30,14.9,,1.9
108,서울,2022-10-31,14.9,,2.1
108,서울,2022-11-01,13.1,,1.8
108,서울,2022-11-02,11.1,,1.7
108,서울,2022-11-03,9.3,0,2
108,서울,2022-11-04,4.9,,2.9
108,서울,2022-11-05,6.5,,1.7
108,서울,2022-11-06,9.6,,1.8
108,서울,2022-11-07,11.4,0,1.7
108,서울,2022-11-08,12.9,,1.5
108,서울,2022-11-09,11.4,,1.5
108,서울,2022-11-10,13.5,,1.3
108,서울,2022-11-11,15.6,,1.8
108,서울,2022-11-12,16.3,57.9,2.2
108,서울,2022-11-13,10.3,,2.6
108,서울,2022-11-14,9.7,,2.3
108,서울,2022-11-15,8.1,1.6,2
108,서울,2022-11-16,8.5,,1.7
108,서울,2022-11-17,10.2,,1.6
108,서울,2022-11-18,11,,1.6
108,서울,2022-11-19,12.9,,2.3
108,서울,2022-11-20,13.7,,1.7
108,서울,2022-11-21,11.8,,1.6
108,서울,2022-11-22,10.7,0,1.9
108,서울,2022-11-23,10.8,0,2.1
108,서울,2022-11-24,9.4,,1.5
108,서울,2022-11-25,12.3,1.7,3
108,서울,2022-11-26,6.7,,3
108,서울,2022-11-27,5.4,,2.4
108,서울,2022-11-28,12.3,19.5,2.7
108,서울,2022-11-29,6.9,3.8,3.5
108,서울,2022-11-30,-5.4,,3.9
108,서울,2022-12-01,-5.4,,2.4
108,서울,2022-12-02,-2.5,,1.7
108,서울,2022-12-03,2.1,1.1,2.6
108,서울,2022-12-04,-3.5,,2.8
108,서울,2022-12-05,-3.1,,2.4
108,서울,2022-12-06,.9,.1,2.4
108,서울,2022-12-07,4.9,.1,2.7
108,서울,2022-12-08,3.7,,1.4
108,서울,2022-12-09,4.5,0,2
108,서울,2022-12-10,2.6,,1.3
108,서울,2022-12-11,1.6,,1.8
108,서울,2022-12-12,2,5.4,1.7
108,서울,2022-12-13,0,.6,3.5
108,서울,2022-12-14,-8.4,,3.2
108,서울,2022-12-15,-4.5,2.4,2.5
108,서울,2022-12-16,-6.3,,2
108,서울,2022-12-17,-7,.2,2.7
108,서울,2022-12-18,-9.5,,2.6
108,서울,2022-12-19,-7,,1.7
108,서울,2022-12-20,-3.2,,2.2
108,서울,2022-12-21,-.1,3.6,2.7
108,서울,2022-12-22,-7.8,,4.4
108,서울,2022-12-23,-11.8,,4.3
108,서울,2022-12-24,-8.4,,1.8
108,서울,2022-12-25,-5.4,,1.7
108,서울,2022-12-26,-3.9,,1.4
108,서울,2022-12-27,-2.6,,1.8
108,서울,2022-12-28,-3.3,.1,2.5
108,서울,2022-12-29,-2.9,0,1.7
108,서울,2022-12-30,-1.8,0,1.9
108,서울,2022-12-31,-1.2,0,1.4
108,서울,2023-01-01,-.2,,2.7
108,서울,2023-01-02,-4.5,,2.5
108,서울,2023-01-03,-5,,1.8
108,서울,2023-01-04,-1.8,,1.9
108,서울,2023-01-05,-1.6,,1.6
108,서울,2023-01-06,.6,3.9,2.2
108,서울,2023-01-07,1.5,.1,2.2
108,서울,2023-01-08,1.3,,1.7
108,서울,2023-01-09,3.1,,2.3
108,서울,2023-01-10,1.6,,1.5
108,서울,2023-01-11,2.6,,1.6
108,서울,2023-01-12,5.9,0,2.2
108,서울,2023-01-13,8.3,37.3,2.5
108,서울,2023-01-14,6.6,1.6,2.5
108,서울,2023-01-15,-.2,3.2,2.8
108,서울,2023-01-16,-4.6,0,2.7
108,서울,2023-01-17,-3.7,0,1.8
108,서울,2023-01-18,-1.9,0,2
108,서울,2023-01-19,-.4,1,2.5
108,서울,2023-01-20,-3.3,,3.7
108,서울,2023-01-21,-4.5,,1.8
108,서울,2023-01-22,-.6,0,2.6
108,서울,2023-01-23,-.8,,2.7
108,서울,2023-01-24,-14.7,0,4.6
108,서울,2023-01-25,-11.3,0,2.1
108,서울,2023-01-26,-6,.8,2.5
108,서울,2023-01-27,-7.3,,3.5
108,서울,2023-01-28,-6,0,2.4
108,서울,2023-01-29,-1.8,,2.6
108,서울,2023-01-30,-.9,,2.1
108,서울,2023-01-31,2.4,,2.7
108,서울,2023-02-01,.9,,3.2
108,서울,2023-02-02,-2.4,,2.5
108,서울,2023-02-03,-1.6,,2.2
108,서울,2023-02-04,-.2,,2
108,서울,2023-02-05,1.7,,1.8
108,서울,2023-02-06,3,,1.6
108,서울,2023-02-07,3.5,,1.5
108,서울,2023-02-08,2.1,,2.5
108,서울,2023-02-09,4,0,2.5
108,서울,2023-02-10,3.8,.6,2.2
108,서울,2023-02-11,2.8,,1.8
108,서울,2023-02-12,3.7,,1.8
108,서울,2023-02-13,5.9,,2.3
108,서울,2023-02-14,1.7,,2.7
108,서울,2023-02-15,3.2,,2.5
108,서울,2023-02-16,2.3,0,2.7
108,서울,2023-02-17,3.4,,1.8
108,서울,2023-02-18,5.7,,1.5
108,서울,2023-02-19,3.5,.4,3.3
108,서울,2023-02-20,-.5,,3.3
108,서울,2023-02-21,-1.3,,2.1
108,서울,2023-02-22,1.2,,2.2
108,서울,2023-02-23,2.9,,1.9
108,서울,2023-02-24,3.5,,3
108,서울,2023-02-25,.7,,2.9
108,서울,2023-02-26,2.2,,2.1
108,서울,2023-02-27,4.4,,1.9
108,서울,2023-02-28,4.3,,2
108,서울,2023-03-01,6,,3.1
108,서울,2023-03-02,2.2,,2.8
108,서울,2023-03-03,4.6,,2.1
108,서울,2023-03-04,7.7,,1.9
108,서울,2023-03-05,8,,1.7
108,서울,2023-03-06,9.2,,2.1
108,서울,2023-03-07,11.7,,2.3
108,서울,2023-03-08,12.5,1.2,2
108,서울,2023-03-09,10.3,3.7,2.3
108,서울,2023-03-10,13.5,,2.1
108,서울,2023-03-11,15.2,,2.4
108,서울,2023-03-12,5.9,5.6,3.7
108,서울,2023-03-13,2.9,,3.2
108,서울,2023-03-14,9.2,,2.9
108,서울,2023-03-15,8.6,,3
108,서울,2023-03-16,4.6,,2.4
108,서울,2023-03-17,7.2,,1.7
108,서울,2023-03-18,7.7,,2.6
108,서울,2023-03-19,8.3,,2.1
108,서울,2023-03-20,9.5,,1.6
108,서울,2023-03-21,13,,1.7
108,서울,2023-03-22,17,,1.8
108,서울,2023-03-23,17.4,0,2.5
108,서울,2023-03-24,12.5,,2.3
108,서울,2023-03-25,12.5,,2.3
108,서울,2023-03-26,9.4,,3.6
108,서울,2023-03-27,7.3,,2.3
108,서울,2023-03-28,9.2,,2.1
108,서울,2023-03-29,11.8,,1.9
108,서울,2023-03-30,13.3,,2.2
108,서울,2023-03-31,15,,2.1
108,서울,2023-04-01,17.5,,1.8
108,서울,2023-04-02,18.8,,2.4
108,서울,2023-04-03,19,,2.3
108,서울,2023-04-04,17.6,6.9,2.6
108,서울,2023-04-05,11.9,50.3,3.4
108,서울,2023-04-06,8.8,2.7,2.5
108,서울,2023-04-07,8.9,,2.9
108,서울,2023-04-08,8.8,,3.2
108,서울,2023-04-09,10.8,,2.5
108,서울,2023-04-10,13.2,,2.7
108,서울,2023-04-11,13.1,2.9,3.6
108,서울,2023-04-12,10.1,,2.7
108,서울,2023-04-13,11.9,0,1.8
108,서울,2023-04-14,16.2,,1.6
108,서울,2023-04-15,13.5,4.6,2.2
108,서울,2023-04-16,10.8,0,2.5
108,서울,2023-04-17,13.1,,2
108,서울,2023-04-18,14,1.5,2.7
108,서울,2023-04-19,19.1,,2.4
108,서울,2023-04-20,15.8,.5,2.4
108,서울,2023-04-21,16.7,,2.5
108,서울,2023-04-22,16.9,,2.6
108,서울,2023-04-23,16.1,,2.1
108,서울,2023-04-24,15.8,,2.7
108,서울,2023-04-25,10.9,.4,1.9
108,서울,2023-04-26,10.2,0,3.1
108,서울,2023-04-27,12.9,,1.9
108,서울,2023-04-28,15.7,1.9,2.1
108,서울,2023-04-29,13.2,25.1,2.9
108,서울,2023-04-30,12.7,.1,3.3
108,서울,2023-05-01,14.6,,2.5
108,서울,2023-05-02,16.7,,2.1
108,서울,2023-05-03,19.5,,2.1
108,서울,2023-05-04,21.4,,2.1
108,서울,2023-05-05,18.4,30.2,2.5
108,서울,2023-05-06,12.6,47.5,5.4
108,서울,2023-05-07,14.4,,2.6
108,서울,2023-05-08,15.3,,2.2
108,서울,2023-05-09,17,,2.3
108,서울,2023-05-10,18.4,,1.8
108,서울,2023-05-11,19.5,,2.3
108,서울,2023-05-12,18.4,,1.8
108,서울,2023-05-13,17.8,0,2
108,서울,2023-05-14,18.1,,2
108,서울,2023-05-15,20.6,,2.4
108,서울,2023-05-16,24,,2.5
108,서울,2023-05-17,23.5,,3.4
108,서울,2023-05-18,21.2,1.3,2.1
108,서울,2023-05-19,22.3,,2.3
108,서울,2023-05-20,21.2,,3
108,서울,2023-05-21,17.8,.2,3
108,서울,2023-05-22,20.3,0,1.9
108,서울,2023-05-23,20.5,,2.2
108,서울,2023-05-24,20.6,,2
108,서울,2023-05-25,21.2,0,2.4
108,서울,2023-05-26,21.4,.5,2.1
108,서울,2023-05-27,19.3,31.8,1.7
108,서울,2023-05-28,19.2,41.8,1.8
108,서울,2023-05-29,23.2,2.3,1.6
108,서울,2023-05-30,24,,2.2
108,서울,2023-05-31,22.8,,2.5
108,서울,2023-06-01,22.8,,1.9
108,서울,2023-06-02,20.4,0,2.3
108,서울,2023-06-03,22,,2.7
108,서울,2023-06-04,22.1,,2.4
108,서울,2023-06-05,21.5,,2.6
108,서울,2023-06-06,20.3,0,2.6
108,서울,2023-06-07,21.4,0,2.1
108,서울,2023-06-08,20.4,1.9,2.4
108,서울,2023-06-09,23.3,1.2,2
108,서울,2023-06-10,23.2,.8,2.3
108,서울,2023-06-11,22.1,32.2,2.2
108,서울,2023-06-12,22.2,0,1.7
108,서울,2023-06-13,22,0,2.2
108,서울,2023-06-14,20.6,30.6,1.5
108,서울,2023-06-15,22.7,,2.1
108,서울,2023-06-16,23.7,,2.1
108,서울,2023-06-17,24.2,,2
108,서울,2023-06-18,25.9,,2
108,서울,2023-06-19,28.5,,2.2
108,서울,2023-06-20,24.7,6.4,1.9
108,서울,2023-06-21,20.5,24.9,2.1
108,서울,2023-06-22,22.5,0,2.2
108,서울,2023-06-23,24.4,,1.5
108,서울,2023-06-24,26.4,,2
108,서울,2023-06-25,28.2,,2.1
108,서울,2023-06-26,24.2,30.3,2.9
108,서울,2023-06-27,25.3,2.5,3.2
108,서울,2023-06-28,26.5,0,2.5
108,서울,2023-06-29,24.2,63.8,2.3
108,서울,2023-06-30,25.3,1,1.8
108,서울,2023-07-01,27.7,,2
108,서울,2023-07-02,26.7,,1.9
108,서울,2023-07-03,29.1,,1.8
108,서울,2023-07-04,26.1,61.8,2.3
108,서울,2023-07-05,24.5,15.3,3.7
108,서울,2023-07-06,27.3,,2.7
108,서울,2023-07-07,26.7,,2.3
108,서울,2023-07-08,25.6,,2.2
108,서울,2023-07-09,24.7,47.5,2
108,서울,2023-07-10,26.3,11.5,2.3
108,서울,2023-07-11,23.5,58.3,1.9
108,서울,2023-07-12,25.8,.7,1.5
108,서울,2023-07-13,25.2,91.6,1.6
108,서울,2023-07-14,24.6,72.7,2.9
108,서울,2023-07-15,24.5,2.3,3
108,서울,2023-07-16,24.6,9.7,2.3
108,서울,2023-07-17,25.5,1.4,1.7
108,서울,2023-07-18,25.2,2.3,1.4
108,서울,2023-07-19,27.2,,1.7
108,서울,2023-07-20,27.9,,1.8
108,서울,2023-07-21,29.5,,1.8
108,서울,2023-07-22,27.7,12.3,2.6
108,서울,2023-07-23,25.2,40.2,2.1
108,서울,2023-07-24,26.9,.4,2
108,서울,2023-07-25,27.8,5.6,2.7
108,서울,2023-07-26,27.6,1,2.2
108,서울,2023-07-27,28.4,0,1.9
108,서울,2023-07-28,29.5,,2.1
108,서울,2023-07-29,29.1,,2
108,서울,2023-07-30,28.8,25,1.9
108,서울,2023-07-31,28.7,.3,1.7
108,서울,2023-08-01,29.9,,1.9
108,서울,2023-08-02,29.7,,2.1
108,서울,2023-08-03,29.5,,2.1
108,서울,2023-08-04,30,,1.9
108,서울,2023-08-05,30.3,,2
108,서울,2023-08-06,29.8,4.9,1.7
108,서울,2023-08-07,30.4,,2.7
108,서울,2023-08-08,30.9,,2.9
108,서울,2023-08-09,28.3,.2,3.2
108,서울,2023-08-10,22.2,86.1,3.7
108,서울,2023-08-11,23.5,46.7,2.3
108,서울,2023-08-12,23.3,1.5,1.9
108,서울,2023-08-13,27,,1.7
108,서울,2023-08-14,28.1,,1.6
108,서울,2023-08-15,28.6,,2.3
108,서울,2023-08-16,27.3,.3,2.1
108,서울,2023-08-17,28.2,,1.7
108,서울,2023-08-18,29.1,.1,1.9
108,서울,2023-08-19,29.1,,1.9
108,서울,2023-08-20,28.3,0,1.6
108,서울,2023-08-21,29.5,0,2.4
108,서울,2023-08-22,27.6,42.6,2.4
108,서울,2023-08-23,24.8,41.8,2.2
108,서울,2023-08-24,25.1,5.2,2.8
108,서울,2023-08-25,26.5,0,2.6
108,서울,2023-08-26,26.4,,1.8
108,서울,2023-08-27,26.1,0,1.8
108,서울,2023-08-28,22.7,10.4,3.3
108,서울,2023-08-29,23.9,54.8,2.1
108,서울,2023-08-30,22.8,3.5,1.1
108,서울,2023-08-31,23.9,,1.3
108,서울,2023-09-01,24.5,,2
108,서울,2023-09-02,25.4,,1.6
108,서울,2023-09-03,25.8,.1,2.2
108,서울,2023-09-04,27,.3,1.8
108,서울,2023-09-05,28.5,0,1.8
108,서울,2023-09-06,27.9,,2.4
108,서울,2023-09-07,26.3,,2.5
108,서울,2023-09-08,25.3,,2.3
108,서울,2023-09-09,25.8,,1.8
108,서울,2023-09-10,25.7,,1.6
108,서울,2023-09-11,25.5,,1.9
108,서울,2023-09-12,25.7,,1.5
108,서울,2023-09-13,22.1,15.9,1.8
108,서울,2023-09-14,23.4,,2.4
108,서울,2023-09-15,22.3,2.1,2.6
108,서울,2023-09-16,23.9,38.7,1.7
108,서울,2023-09-17,24.7,3,1.4
108,서울,2023-09-18,24.7,,1.9
108,서울,2023-09-19,24.1,,1.6
108,서울,2023-09-20,20.6,35.8,2.7
108,서울,2023-09-21,20.1,0,2.3
108,서울,2023-09-22,20.5,,1.7
108,서울,2023-09-23,21.8,,2.5
108,서울,2023-09-24,21.8,,2.9
108,서울,2023-09-25,21.6,1.9,2.3
108,서울,2023-09-26,19.9,27.8,2.4
108,서울,2023-09-27,21.5,4.4,1.8
108,서울,2023-09-28,22.7,,2
108,서울,2023-09-29,21.1,,1.4
108,서울,2023-09-30,19.7,4.5,2.2
108,서울,2023-10-01,18.4,,2.4
108,서울,2023-10-02,18.2,,1.7
108,서울,2023-10-03,17.5,,1.7
108,서울,2023-10-04,17.3,14.7,2.1
108,서울,2023-10-05,14.2,,2.6
108,서울,2023-10-06,15.5,,1.6
108,서울,2023-10-07,16.8,,2.1
108,서울,2023-10-08,17.1,0,2.5
108,서울,2023-10-09,17.4,1.2,1.9
108,서울,2023-10-10,17.1,,1.6
108,서울,2023-10-11,17.6,,1.7
108,서울,2023-10-12,17.5,,1.5
108,서울,2023-10-13,17.5,,1.5
108,서울,2023-10-14,14.7,5.8,1.4
108,서울,2023-10-15,16.1,,2
108,서울,2023-10-16,14.7,,2.4
108,서울,2023-10-17,13.8,,1.6
108,서울,2023-10-18,15.7,,2.1
108,서울,2023-10-19,17,8.2,1.5
108,서울,2023-10-20,11.6,,3.2
108,서울,2023-10-21,10.4,1.1,2.3
108,서울,2023-10-22,12.5,,1.7
108,서울,2023-10-23,15.2,,1.7
108,서울,2023-10-24,15.6,,1.7
108,서울,2023-10-25,16.6,,1.4
108,서울,2023-10-26,17.2,0,2.1
108,서울,2023-10-27,15.7,,1.9
108,서울,2023-10-28,14.2,,1.4
108,서울,2023-10-29,14.9,,1.7
108,서울,2023-10-30,15.1,,1.7
108,서울,2023-10-31,16.5,,1.8
108,서울,2023-11-01,19,0,2.4
108,서울,2023-11-02,20.8,,2.9
108,서울,2023-11-03,19.5,8.5,2.8
108,서울,2023-11-04,17.4,,2.6
108,서울,2023-11-05,17.3,10.4,3.3
108,서울,2023-11-06,13.3,45.8,4.9
108,서울,2023-11-07,5.8,0,3.2
108,서울,2023-11-08,8.4,,1.7
108,서울,2023-11-09,11.4,5.1,2.1
108,서울,2023-11-10,3.4,,3.9
108,서울,2023-11-11,1.7,,2.2
108,서울,2023-11-12,1.2,,2.2
108,서울,2023-11-13,2,,2.3
108,서울,2023-11-14,5,,1.7
108,서울,2023-11-15,7,,1.5
108,서울,2023-11-16,6.6,8.4,1.9
108,서울,2023-11-17,1.6,0,2.9
108,서울,2023-11-18,.6,,3.5
108,서울,2023-11-19,5.9,,2.4
108,서울,2023-11-20,6.2,,1.5
108,서울,2023-11-21,7.4,,1.7
108,서울,2023-11-22,9.5,,1.8
108,서울,2023-11-23,9.9,.1,3.3
108,서울,2023-11-24,-1.5,,3.8
108,서울,2023-11-25,-1.3,,1.8
108,서울,2023-11-26,4,0,1.4
108,서울,2023-11-27,6.2,3.6,2.4
108,서울,2023-11-28,1.3,,3.3
108,서울,2023-11-29,-1.4,,2.6
108,서울,2023-11-30,-4.3,,2.8
108,서울,2023-12-01,-3.2,,2
108,서울,2023-12-02,2,0,2.4
108,서울,2023-12-03,.8,,1.7
108,서울,2023-12-04,2.7,,1.6
108,서울,2023-12-05,6.8,,2
108,서울,2023-12-06,6.1,3.8,2.3
108,서울,2023-12-07,6.6,,2.6
108,서울,2023-12-08,11.2,,3
108,서울,2023-12-09,13.7,,2
108,서울,2023-12-10,11.4,0,
108,서울,2023-12-11,8.9,11.4,
108,서울,2023-12-12,5.4,.4,2.7
108,서울,2023-12-13,6.8,,2.4
108,서울,2023-12-14,7.6,17,4.5
108,서울,2023-12-15,4.9,31.1,3.6
108,서울,2023-12-16,-4.1,1.5,5.2
108,서울,2023-12-17,-9.8,,3.2
108,서울,2023-12-18,-7.7,,2.2
108,서울,2023-12-19,-3.7,.3,1.9
108,서울,2023-12-20,-7.4,.8,3.4
108,서울,2023-12-21,-11.7,,3
108,서울,2023-12-22,-11.6,,2.7
108,서울,2023-12-23,-6.8,,1.8
108,서울,2023-12-24,-2.2,1.1,1.6
108,서울,2023-12-25,-.7,.7,1.5
108,서울,2023-12-26,1.9,,1.8
108,서울,2023-12-27,1.5,,1.4
108,서울,2023-12-28,1.2,,1.6
108,서울,2023-12-29,1.3,,1.7
108,서울,2023-12-30,.6,13.1,2.6
108,서울,2023-12-31,2.1,4.7,2
108,서울,2024-01-01,3.3,0,1.7
108,서울,2024-01-02,2.9,0,1.6
108,서울,2024-01-03,1.8,.6,1.6
108,서울,2024-01-04,1.4,,1.9
108,서울,2024-01-05,5,0,2.3
108,서울,2024-01-06,.7,2.4,2.2
108,서울,2024-01-07,-4.4,,3.1
108,서울,2024-01-08,-4.7,,1.8
108,서울,2024-01-09,-.6,1.6,2
108,서울,2024-01-10,-1,,1.7
108,서울,2024-01-11,1.7,,1.9
108,서울,2024-01-12,.9,,2.3
108,서울,2024-01-13,.4,,1.4
108,서울,2024-01-14,-.6,3.1,2.1
108,서울,2024-01-15,-3.7,,2.5
108,서울,2024-01-16,-2.1,,1.5
108,서울,2024-01-17,.6,9.7,2
108,서울,2024-01-18,4.5,.5,2.4
108,서울,2024-01-19,5.4,,4.5
108,서울,2024-01-20,3.4,.4,5.3
108,서울,2024-01-21,1.7,.4,2.5
108,서울,2024-01-22,-8.7,.2,4.1
108,서울,2024-01-23,-11.7,,3.9
108,서울,2024-01-24,-8,,3.3
108,서울,2024-01-25,-5.3,,2.1
108,서울,2024-01-26,-1.7,,1.9
108,서울,2024-01-27,-.5,,1.8
108,서울,2024-01-28,-1.5,,1.9
108,서울,2024-01-29,-.4,,1.7
108,서울,2024-01-30,1.4,,1.4
108,서울,2024-01-31,4.7,,1.9
108,서울,2024-02-01,2.4,,2.1
108,서울,2024-02-02,3.1,,2.1
108,서울,2024-02-03,4.7,0,2.2
108,서울,2024-02-04,7.3,,1.8
108,서울,2024-02-05,2.7,3.9,5
108,서울,2024-02-06,1.2,.2,2.2
108,서울,2024-02-07,.6,0,2.1
108,서울,2024-02-08,.6,,1.6
108,서울,2024-02-09,1.1,,2.2
108,서울,2024-02-10,1.7,,1.9
108,서울,2024-02-11,1,0,2.2
108,서울,2024-02-12,3.5,,1.8
108,서울,2024-02-13,8.2,,2.5
108,서울,2024-02-14,12.9,,2.2
108,서울,2024-02-15,4.5,10.9,2.9
108,서울,2024-02-16,2.3,,1.8
108,서울,2024-02-17,4.4,,1.7
108,서울,2024-02-18,6.2,17.1,2.8
108,서울,2024-02-19,9.1,8.9,2.3
108,서울,2024-02-20,4.3,2.6,3.4
108,서울,2024-02-21,1.9,17.8,5.2
108,서울,2024-02-22,.2,8.8,4.2
108,서울,2024-02-23,1.8,.4,3.5
108,서울,2024-02-24,2,2.3,2.9
108,서울,2024-02-25,2.8,1.8,2
108,서울,2024-02-26,3.8,,1.9
108,서울,2024-02-27,5.3,,3
108,서울,2024-02-28,6.4,,2.1
108,서울,2024-02-29,4.8,,2.2
108,서울,2024-03-01,-4.1,,4.4
108,서울,2024-03-02,-.5,0,3.2
108,서울,2024-03-03,4,,2.9
108,서울,2024-03-04,5.4,,1.6
108,서울,2024-03-05,8,,2.9
108,서울,2024-03-06,6.2,,2.8
108,서울,2024-03-07,3.9,2.1,3
108,서울,2024-03-08,2.1,,3.4
108,서울,2024-03-09,2,,2.7
108,서울,2024-03-10,4.2,,2.1
108,서울,2024-03-11,6.2,,
108,서울,2024-03-12,6.6,2.1,
108,서울,2024-03-13,6.5,,2.7
108,서울,2024-03-14,8.5,,
108,서울,2024-03-15,8.9,,2.3
108,서울,2024-03-16,10.9,,2.1
108,서울,2024-03-17,8.8,.1,3.7
108,서울,2024-03-18,7.1,,2.4
108,서울,2024-03-19,6.7,.2,3.7
108,서울,2024-03-20,4.4,,3.4
108,서울,2024-03-21,5,,2
108,서울,2024-03-22,10.4,5.4,3.4
108,서울,2024-03-23,13,.1,2.3
108,서울,2024-03-24,16.2,,2.4
108,서울,2024-03-25,10.6,5.1,4
108,서울,2024-03-26,7.4,11.5,2.6
108,서울,2024-03-27,10.4,,2
108,서울,2024-03-28,10.3,1.9,1.8
108,서울,2024-03-29,7.6,1.4,2.8
108,서울,2024-03-30,8.8,,2.4
108,서울,2024-03-31,10.6,,1.9
108,서울,2024-04-01,12.2,,1.8
108,서울,2024-04-02,15.4,,2
108,서울,2024-04-03,16.6,0,1.8
108,서울,2024-04-04,15.5,,2.9
108,서울,2024-04-05,14,,2.5
108,서울,2024-04-06,12.7,,1.9
108,서울,2024-04-07,14.8,,2
108,서울,2024-04-08,16.2,,2.1
108,서울,2024-04-09,15.3,,3.5
108,서울,2024-04-10,13.8,,2.6
108,서울,2024-04-11,15.5,0,1.8
108,서울,2024-04-12,17.2,,2.1
108,서울,2024-04-13,19.1,,1.9
108,서울,2024-04-14,20.8,,1.9
108,서울,2024-04-15,16,17.1,2.5
108,서울,2024-04-16,13.3,2.3,2.5
108,서울,2024-04-17,15,,2.2
108,서울,2024-04-18,17.3,,2.2
108,서울,2024-04-19,17.6,,2.1
108,서울,2024-04-20,14.9,4.8,3
108,서울,2024-04-21,17.2,,3.8
108,서울,2024-04-22,18.8,,3.1
108,서울,2024-04-23,17.3,0,3.6
108,서울,2024-04-24,13.2,9,3
108,서울,2024-04-25,14.4,,1.9
108,서울,2024-04-26,17.8,,1.9
108,서울,2024-04-27,18.2,,1.9
108,서울,2024-04-28,20.7,,1.6
108,서울,2024-04-29,20.9,,3
108,서울,2024-04-30,18.6,,2.2
108,서울,2024-05-01,18.5,,2.4
108,서울,2024-05-02,18.1,,2.4
108,서울,2024-05-03,19.7,,1.9
108,서울,2024-05-04,21.4,0,1.9
108,서울,2024-05-05,17.8,48.3,2.5
108,서울,2024-05-06,13.9,12.3,3.1
108,서울,2024-05-07,13.3,2.4,3
108,서울,2024-05-08,14.7,,2.3
108,서울,2024-05-09,16.1,,2.9
108,서울,2024-05-10,17.9,,2.6
108,서울,2024-05-11,17,31.7,3.5
108,서울,2024-05-12,16.6,,2.7
108,서울,2024-05-13,18.3,,2.3
108,서울,2024-05-14,18.8,,2.4
108,서울,2024-05-15,12.6,20.6,2.7
108,서울,2024-05-16,13.7,.1,3.1
108,서울,2024-05-17,18.3,,2.2
108,서울,2024-05-18,20.7,,2
108,서울,2024-05-19,21.5,,1.9
108,서울,2024-05-20,19.4,,2.3
108,서울,2024-05-21,21.7,,1.9
108,서울,2024-05-22,20.5,,2.3
108,서울,2024-05-23,20.2,,2.5
108,서울,2024-05-24,20.1,,2.1
108,서울,2024-05-25,21.4,,1.8
108,서울,2024-05-26,19.9,8.7,2.7
108,서울,2024-05-27,18.5,,3.3
108,서울,2024-05-28,20.4,,2.5
108,서울,2024-05-29,21.2,,2.1
108,서울,2024-05-30,20.7,,1.6
108,서울,2024-05-31,20.4,1,2.6
108,서울,2024-06-01,20.7,0,2.8
108,서울,2024-06-02,20.4,,2.7
108,서울,2024-06-03,22.2,,2.4
108,서울,2024-06-04,22.8,,2.4
108,서울,2024-06-05,23.6,,1.9
108,서울,2024-06-06,24.1,,2
108,서울,2024-06-07,23.1,.8,1.9
108,서울,2024-06-08,20.3,16.9,1.6
108,서울,2024-06-09,22.9,,1.8
108,서울,2024-06-10,24.7,,2.2
108,서울,2024-06-11,25.4,,2.4
108,서울,2024-06-12,24.8,,2.1
108,서울,2024-06-13,26.4,,1.8
108,서울,2024-06-14,26.3,,2.3
108,서울,2024-06-15,24.2,6.1,1.9
108,서울,2024-06-16,24.3,,2.8
108,서울,2024-06-17,24.8,,2.4
108,서울,2024-06-18,26,,2.1
108,서울,2024-06-19,28.8,,1.6
108,서울,2024-06-20,29.4,,2
108,서울,2024-06-21,28.1,,2
108,서울,2024-06-22,24.2,16.5,2
108,서울,2024-06-23,25.1,5.1,2.2
108,서울,2024-06-24,24.3,0,2.9
108,서울,2024-06-25,22.9,,3
108,서울,2024-06-26,24.9,,1.9
108,서울,2024-06-27,26.3,,1.6
108,서울,2024-06-28,26.6,,2.1
108,서울,2024-06-29,26.7,38.3,2.2
108,서울,2024-06-30,23.5,32.2,3.7
108,서울,2024-07-01,26.3,,1.8
108,서울,2024-07-02,23.2,65.1,2.8
108,서울,2024-07-03,24.7,.8,3.6
108,서울,2024-07-04,26.8,3.6,3
108,서울,2024-07-05,23.4,4.1,3.3
108,서울,2024-07-06,25.1,2.8,3.2
108,서울,2024-07-07,24.4,28.7,1.8
108,서울,2024-07-08,23.8,21.1,1.8
108,서울,2024-07-09,24.5,.3,1.8
108,서울,2024-07-10,26.6,1.4,2.2
108,서울,2024-07-11,25.7,,2.1
108,서울,2024-07-12,25.6,,1.6
108,서울,2024-07-13,28.1,0,1.9
108,서울,2024-07-14,28.4,.4,2.4
108,서울,2024-07-15,28.4,0,2.4
108,서울,2024-07-16,27,17,2.3
108,서울,2024-07-17,25.4,98.8,2.5
108,서울,2024-07-18,24.3,128.8,2.2
108,서울,2024-07-19,27,.1,2.2
108,서울,2024-07-20,27.2,14.9,2.7
108,서울,2024-07-21,26.5,8.5,3.6
108,서울,2024-07-22,26.6,79.9,3.1
108,서울,2024-07-23,26.4,2,3.2
108,서울,2024-07-24,28.1,14.7,2.6
108,서울,2024-07-25,28.8,25.3,1.8
108,서울,2024-07-26,28.7,5.5,2.3
108,서울,2024-07-27,28.9,33.5,1.7
108,서울,2024-07-28,29.2,0,3.2
108,서울,2024-07-29,27.4,0,3.8
108,서울,2024-07-30,28.6,,2.8
108,서울,2024-07-31,29.4,,2.6
108,서울,2024-08-01,29.9,.3,2.6
108,서울,2024-08-02,29.6,,2.6
108,서울,2024-08-03,30.2,,2.2
108,서울,2024-08-04,31.8,,1.6
108,서울,2024-08-05,30,1.3,1.9
108,서울,2024-08-06,29.5,0,1.9
108,서울,2024-08-07,29.6,3.4,1.7
108,서울,2024-08-08,28.5,0,1.6
108,서울,2024-08-09,29.3,,1.6
108,서울,2024-08-10,30,,1.7
108,서울,2024-08-11,30.8,,1.8
108,서울,2024-08-12,31.1,,1.9
108,서울,2024-08-13,31.3,0,1.8
108,서울,2024-08-14,30,3,1.9
108,서울,2024-08-15,29.2,6.4,1.8
108,서울,2024-08-16,29.8,0,2
108,서울,2024-08-17,29.8,11,1.7
108,서울,2024-08-18,29.5,0,2
108,서울,2024-08-19,29.7,2.3,1.9
108,서울,2024-08-20,31.4,0,2.3
108,서울,2024-08-21,28.4,42.2,3.2
108,서울,2024-08-22,28.6,.6,3.4
108,서울,2024-08-23,28.4,0,2.7
108,서울,2024-08-24,27.6,2,1.4
108,서울,2024-08-25,28.5,,1.4
108,서울,2024-08-26,28.1,0,1.5
108,서울,2024-08-27,26.5,.3,1.9
108,서울,2024-08-28,28.2,,2.9
108,서울,2024-08-29,28.4,,3.1
108,서울,2024-08-30,28,,2.4
108,서울,2024-08-31,27.6,,1.9
108,서울,2024-09-01,27.1,,2
108,서울,2024-09-02,24.5,2.7,2.6
108,서울,2024-09-03,27,,2.9
108,서울,2024-09-04,27.9,,2.2
108,서울,2024-09-05,26.3,6.9,2.4
108,서울,2024-09-06,24,.7,2.6
108,서울,2024-09-07,26.5,0,1.9
108,서울,2024-09-08,27.2,,1.6
108,서울,2024-09-09,28.5,,1.9
108,서울,2024-09-10,29.4,,1.8
108,서울,2024-09-11,29,.4,1.8
108,서울,2024-09-12,25.4,32.7,2.1
108,서울,2024-09-13,25.9,7.6,2.2
108,서울,2024-09-14,28,0,1.7
108,서울,2024-09-15,27.5,,2.8
108,서울,2024-09-16,26.8,9.5,2.8
108,서울,2024-09-17,28.6,,1.7
108,서울,2024-09-18,29.4,.7,1.6
108,서울,2024-09-19,29.1,,1.7
108,서울,2024-09-20,25,54.5,2.4
108,서울,2024-09-21,19.3,27,4.3
108,서울,2024-09-22,21,,2.7
108,서울,2024-09-23,20.8,,3.1
108,서울,2024-09-24,21,,2.2
108,서울,2024-09-25,23.3,0,1.7
108,서울,2024-09-26,23.6,1.2,1.6
108,서울,2024-09-27,22.7,,2.4
108,서울,2024-09-28,23.2,,3.4
108,서울,2024-09-29,23.5,,2.7
108,서울,2024-09-30,23,,2.1
108,서울,2024-10-01,18.3,2.5,2.5
108,서울,2024-10-02,14.9,,2.5
108,서울,2024-10-03,16.4,,1.9
108,서울,2024-10-04,17.6,,1.8
108,서울,2024-10-05,17.5,,1.6
108,서울,2024-10-06,15.4,0,1.4
108,서울,2024-10-07,16.9,,1.3
108,서울,2024-10-08,17.7,,1.8
108,서울,2024-10-09,18.8,,2.3
108,서울,2024-10-10,18.8,0,1.9
108,서울,2024-10-11,18.6,,1.8
108,서울,2024-10-12,18.3,,1.5
108,서울,2024-10-13,18.3,,2
108,서울,2024-10-14,19.3,0,1.9
108,서울,2024-10-15,19.2,.5,1.8
108,서울,2024-10-16,18.2,,1.5
108,서울,2024-10-17,19,,1.7
108,서울,2024-10-18,17.4,47.1,2.5
108,서울,2024-10-19,16.6,1,3.3
108,서울,2024-10-20,13.4,,3.7
108,서울,2024-10-21,14.8,0,2.3
108,서울,2024-10-22,15.5,20.6,2
108,서울,2024-10-23,12.7,2.3,3.7
108,서울,2024-10-24,12.5,,1.8
108,서울,2024-10-25,14.9,,1.7
108,서울,2024-10-26,17,,1.8
108,서울,2024-10-27,16,0,1.6
108,서울,2024-10-28,15.7,0,2.1
108,서울,2024-10-29,15,0,2.3
108,서울,2024-10-30,15.7,,1.6
108,서울,2024-10-31,15.9,,1.4
108,서울,2024-11-01,15.3,,1.4
108,서울,2024-11-02,18.1,,1.9
108,서울,2024-11-03,17.6,0,2.4
108,서울,2024-11-04,14.8,.1,2.9
108,서울,2024-11-05,9.1,,2.1
108,서울,2024-11-06,7.5,,2.5
108,서울,2024-11-07,7.8,,1.5
108,서울,2024-11-08,10.2,,1.5
108,서울,2024-11-09,12.9,,1.4
108,서울,2024-11-10,14.4,,1.8
108,서울,2024-11-11,14.6,,1.2
108,서울,2024-11-12,14.3,,2.2
108,서울,2024-11-13,14.2,,1.7
108,서울,2024-11-14,14.8,.1,1.8
108,서울,2024-11-15,17,0,1.8
108,서울,2024-11-16,17,6.5,2.6
108,서울,2024-11-17,7,,3.6
108,서울,2024-11-18,2.8,,2.3
108,서울,2024-11-19,5.7,,2
108,서울,2024-11-20,6.5,,1.3
108,서울,2024-11-21,9.7,0,2.2
108,서울,2024-11-22,6.2,,2.2
108,서울,2024-11-23,6.4,,1.7
108,서울,2024-11-24,7.4,,1.6
108,서울,2024-11-25,10.1,0,2.5
108,서울,2024-11-26,5.8,26,3.4
108,서울,2024-11-27,-.4,22.4,1.4
108,서울,2024-11-28,.8,4.9,1.8
108,서울,2024-11-29,.2,0,1.5
108,서울,2024-11-30,2.5,0,1.8
108,서울,2024-12-01,5.2,.5,2.4
108,서울,2024-12-02,6.4,0,2.2
108,서울,2024-12-03,1.3,0,2.4
108,서울,2024-12-04,3.1,0,2.1
108,서울,2024-12-05,3.9,1.8,2.3
108,서울,2024-12-06,2.1,,2.5
108,서울,2024-12-07,.2,,2.5
108,서울,2024-12-08,-.2,,2.2
108,서울,2024-12-09,1,,1.6
108,서울,2024-12-10,2.6,,1.9
108,서울,2024-12-11,3,,1.6
108,서울,2024-12-12,.5,,2.1
108,서울,2024-12-13,1,,2.2
108,서울,2024-12-14,-.8,,2.2
108,서울,2024-12-15,1.2,0,2.4
108,서울,2024-12-16,-.2,0,1.2
108,서울,2024-12-17,-.8,,2.2
108,서울,2024-12-18,-3.4,,2.2
108,서울,2024-12-19,-1.4,,1.5
108,서울,2024-12-20,1.4,.4,2
108,서울,2024-12-21,-.7,2.9,2.8
108,서울,2024-12-22,-3.4,,2.1
108,서울,2024-12-23,.3,,2.2
108,서울,2024-12-24,-.4,,1.4
108,서울,2024-12-25,2.7,.1,2
108,서울,2024-12-26,.1,0,3.4
108,서울,2024-12-27,-2.6,0,2.7
108,서울,2024-12-28,-3,,2.5
108,서울,2024-12-29,1.1,,1.5
108,서울,2024-12-30,5.5,0,2.3
108,서울,2024-12-31,.6,0,2.6
